location_id,date,impressions_maps_desktop,impressions_maps_mobile,impressions_search_desktop,impressions_search_mobile,website_clicks,call_clicks,direction_requests,conversations,bookings
LOC-001,2026-06-15,114,455,124,496,46,53,43,8,13
LOC-001,2026-06-16,92,369,111,443,36,45,33,3,6
LOC-001,2026-06-17,109,435,134,537,47,63,45,4,13
LOC-001,2026-06-18,110,438,129,516,45,71,36,4,7
LOC-001,2026-06-19,112,447,140,560,59,69,42,10,10
LOC-001,2026-06-20,45,180,60,239,23,30,18,3,3
LOC-001,2026-06-21,15,60,17,69,6,7,4,1,2
LOC-001,2026-06-22,102,408,121,483,42,50,43,7,10
LOC-001,2026-06-23,91,362,117,468,39,49,41,6,9
LOC-001,2026-06-24,105,421,140,559,57,55,31,6,8
LOC-001,2026-06-25,90,359,122,489,51,49,37,5,12
LOC-001,2026-06-26,107,427,123,493,45,59,33,7,13
LOC-001,2026-06-27,47,189,54,215,25,25,13,2,3
LOC-001,2026-06-28,15,62,20,81,7,7,5,1,2
LOC-001,2026-06-29,110,439,146,585,45,70,45,7,9
LOC-001,2026-06-30,110,441,123,491,48,57,46,9,8
LOC-001,2026-07-01,110,440,125,498,57,67,35,7,11
LOC-001,2026-07-02,91,363,118,472,45,58,34,3,8
LOC-001,2026-07-03,87,349,118,473,50,58,30,3,11
LOC-001,2026-07-04,54,218,60,241,24,24,21,4,3
LOC-001,2026-07-05,15,61,19,76,7,10,5,1,2
LOC-001,2026-07-06,114,454,129,517,48,73,42,6,10
LOC-001,2026-07-07,96,382,109,437,41,53,29,4,6
LOC-001,2026-07-08,113,451,129,517,59,69,32,5,12
LOC-001,2026-07-09,100,400,112,448,52,55,34,7,11
LOC-001,2026-07-10,102,408,113,452,45,52,34,7,10
LOC-001,2026-07-11,55,219,61,243,24,27,22,2,4
LOC-001,2026-07-12,15,62,19,74,7,8,7,1,2
LOC-001,2026-07-13,111,444,122,487,58,66,46,9,13
LOC-001,2026-07-14,93,374,114,455,40,50,27,5,12
LOC-001,2026-07-15,96,383,126,502,46,54,44,9,10
LOC-001,2026-07-16,113,451,127,507,47,71,40,7,12
LOC-001,2026-07-17,92,370,115,461,44,59,28,8,6
LOC-001,2026-07-18,43,170,53,213,22,21,13,4,3
LOC-001,2026-07-19,16,62,20,79,7,9,6,1,1
LOC-001,2026-07-20,113,451,129,517,50,65,36,6,12
LOC-001,2026-07-21,92,366,111,443,51,61,26,4,7
LOC-001,2026-07-22,111,443,148,593,62,61,35,9,13
LOC-001,2026-07-23,98,394,135,542,52,47,44,5,11
LOC-001,2026-07-24,121,485,136,542,47,54,43,6,12
LOC-001,2026-07-25,51,204,58,232,24,25,18,4,6
LOC-001,2026-07-26,14,57,17,68,6,6,6,1,1
LOC-001,2026-07-27,109,435,135,538,50,49,32,9,14
LOC-001,2026-07-28,98,392,130,520,50,49,31,5,13
LOC-001,2026-07-29,108,431,144,575,61,56,36,4,13
LOC-001,2026-07-30,113,453,135,542,55,54,48,9,15
LOC-001,2026-07-31,107,426,143,572,44,68,37,10,13
LOC-001,2026-08-01,49,194,64,256,22,31,15,4,6
LOC-001,2026-08-02,14,56,18,73,7,7,6,1,1
LOC-001,2026-08-03,98,392,115,460,51,63,31,7,8
LOC-001,2026-08-04,113,450,139,555,62,53,50,5,15
LOC-001,2026-08-05,105,419,117,466,46,60,33,7,9
LOC-001,2026-08-06,99,394,123,491,43,60,28,8,10
LOC-001,2026-08-07,106,426,138,552,55,58,32,8,9
LOC-001,2026-08-08,42,170,56,226,23,23,15,2,4
LOC-001,2026-08-09,15,62,17,69,7,10,6,1,2
LOC-001,2026-08-10,98,392,121,484,38,50,34,6,10
LOC-001,2026-08-11,101,405,122,489,43,55,43,8,7
LOC-001,2026-08-12,95,379,116,465,47,49,39,7,10
LOC-001,2026-08-13,100,398,113,452,38,48,34,8,6
LOC-001,2026-08-14,101,402,127,508,43,61,37,5,11
LOC-001,2026-08-15,40,159,52,206,21,19,14,2,5
LOC-001,2026-08-16,17,66,18,72,7,10,6,1,2
LOC-001,2026-08-17,114,457,143,571,63,74,44,8,11
LOC-001,2026-08-18,109,435,135,538,59,67,39,5,8
LOC-001,2026-08-19,105,421,137,549,52,64,35,4,8
LOC-001,2026-08-20,99,397,116,464,46,46,31,7,11
LOC-001,2026-08-21,95,379,113,453,45,50,29,5,12
LOC-001,2026-08-22,46,185,59,237,25,29,16,2,4
LOC-001,2026-08-23,16,63,21,84,9,9,7,1,2
LOC-001,2026-08-24,100,401,114,458,45,44,32,7,8
LOC-001,2026-08-25,94,375,114,454,38,54,26,5,9
LOC-001,2026-08-26,92,367,116,465,39,51,27,5,7
LOC-001,2026-08-27,95,379,123,494,44,60,41,5,6
LOC-001,2026-08-28,92,368,114,454,51,48,36,7,10
LOC-001,2026-08-29,46,186,63,253,21,22,15,2,5
LOC-001,2026-08-30,16,65,19,75,8,10,5,1,2
LOC-001,2026-08-31,90,360,119,475,52,44,26,5,10
LOC-001,2026-09-01,114,457,136,544,57,52,44,8,7
LOC-001,2026-09-02,107,429,143,571,55,53,50,9,9
LOC-001,2026-09-03,102,410,121,485,48,52,42,8,6
LOC-001,2026-09-04,114,456,144,576,61,70,41,9,15
LOC-001,2026-09-05,42,169,56,222,21,24,15,3,3
LOC-001,2026-09-06,16,64,21,85,7,11,5,1,2
LOC-001,2026-09-07,107,427,117,466,53,49,31,8,8
LOC-001,2026-09-08,108,431,138,553,48,49,48,4,12
LOC-001,2026-09-09,102,407,132,529,53,62,38,8,7
LOC-001,2026-09-10,93,373,119,477,42,55,34,6,8
LOC-001,2026-09-11,113,453,133,531,56,56,35,4,8
LOC-002,2026-06-15,45,179,55,221,8,8,14,3,5
LOC-002,2026-06-16,54,216,66,265,8,9,17,2,4
LOC-002,2026-06-17,44,178,55,219,7,10,17,3,3
LOC-002,2026-06-18,53,214,65,261,10,11,19,3,4
LOC-002,2026-06-19,42,168,57,229,7,10,15,2,5
LOC-002,2026-06-20,21,83,23,94,3,4,9,1,2
LOC-002,2026-06-21,7,29,10,38,1,1,3,0,1
LOC-002,2026-06-22,57,227,66,265,10,11,22,5,4
LOC-002,2026-06-23,44,177,56,225,7,8,13,2,4
LOC-002,2026-06-24,53,212,62,247,8,11,20,3,6
LOC-002,2026-06-25,52,208,68,272,9,11,23,3,5
LOC-002,2026-06-26,49,196,66,264,10,8,16,3,6
LOC-002,2026-06-27,23,93,27,108,3,5,9,2,2
LOC-002,2026-06-28,8,31,9,35,1,1,2,0,0
LOC-002,2026-06-29,53,210,70,279,9,13,24,4,4
LOC-002,2026-06-30,42,167,54,217,7,9,19,2,4
LOC-002,2026-07-01,52,209,64,255,7,10,17,4,6
LOC-002,2026-07-02,46,183,59,235,7,11,19,3,4
LOC-002,2026-07-03,49,196,57,229,9,9,17,4,5
LOC-002,2026-07-04,23,91,27,109,3,4,9,2,3
LOC-002,2026-07-05,7,27,8,34,1,1,3,0,1
LOC-002,2026-07-06,53,210,60,241,7,10,19,2,7
LOC-002,2026-07-07,54,214,65,260,8,12,19,4,5
LOC-002,2026-07-08,46,182,60,242,9,8,18,3,6
LOC-002,2026-07-09,47,186,62,250,9,9,20,3,6
LOC-002,2026-07-10,48,192,63,253,8,9,19,4,5
LOC-002,2026-07-11,20,81,25,100,3,4,8,1,2
LOC-002,2026-07-12,7,27,9,34,1,1,3,0,1
LOC-002,2026-07-13,50,199,66,263,8,11,22,5,5
LOC-002,2026-07-14,43,172,53,211,7,10,18,2,4
LOC-002,2026-07-15,48,194,63,250,8,10,15,3,7
LOC-002,2026-07-16,46,184,59,235,8,10,20,4,4
LOC-002,2026-07-17,46,186,60,239,9,11,14,2,5
LOC-002,2026-07-18,23,92,32,126,4,5,7,2,3
LOC-002,2026-07-19,7,29,9,37,1,1,3,0,1
LOC-002,2026-07-20,45,180,56,222,8,10,14,2,6
LOC-002,2026-07-21,52,207,59,237,9,8,18,2,4
LOC-002,2026-07-22,43,171,56,225,8,9,14,3,4
LOC-002,2026-07-23,49,196,62,248,8,9,21,2,4
LOC-002,2026-07-24,52,206,59,236,8,10,22,2,7
LOC-002,2026-07-25,24,95,28,110,4,5,9,1,2
LOC-002,2026-07-26,7,28,9,38,1,2,3,0,1
LOC-002,2026-07-27,50,199,63,254,9,11,21,3,6
LOC-002,2026-07-28,51,206,60,240,8,10,20,2,4
LOC-002,2026-07-29,56,223,63,252,8,11,24,3,7
LOC-002,2026-07-30,55,218,63,252,10,10,22,4,4
LOC-002,2026-07-31,43,170,58,233,7,10,19,3,6
LOC-002,2026-08-01,24,95,31,125,4,5,7,2,2
LOC-002,2026-08-02,8,30,10,39,1,2,3,0,1
LOC-002,2026-08-03,42,166,56,223,7,10,14,2,5
LOC-002,2026-08-04,55,219,64,255,9,9,23,3,5
LOC-002,2026-08-05,43,173,58,232,7,9,18,3,6
LOC-002,2026-08-06,47,186,60,241,7,9,14,3,4
LOC-002,2026-08-07,59,235,64,257,9,11,24,4,4
LOC-002,2026-08-08,23,93,29,114,4,4,8,1,2
LOC-002,2026-08-09,8,32,10,39,1,2,3,0,1
LOC-002,2026-08-10,49,195,54,218,8,7,19,2,3
LOC-002,2026-08-11,54,216,63,253,8,12,15,4,4
LOC-002,2026-08-12,48,190,55,219,7,10,13,2,5
LOC-002,2026-08-13,47,188,55,220,7,7,18,3,5
LOC-002,2026-08-14,48,191,63,250,8,8,18,4,3
LOC-002,2026-08-15,23,91,30,121,4,5,10,1,2
LOC-002,2026-08-16,7,28,9,36,1,2,2,0,1
LOC-002,2026-08-17,46,183,53,211,8,9,15,4,4
LOC-002,2026-08-18,47,189,59,237,7,10,20,3,6
LOC-002,2026-08-19,55,221,63,252,9,9,18,3,5
LOC-002,2026-08-20,45,179,54,215,8,8,13,4,3
LOC-002,2026-08-21,57,228,63,252,8,11,22,3,5
LOC-002,2026-08-22,23,92,27,108,3,4,9,2,3
LOC-002,2026-08-23,7,29,10,40,1,1,3,0,1
LOC-002,2026-08-24,49,195,54,216,9,9,19,3,5
LOC-002,2026-08-25,49,197,68,270,10,11,20,2,7
LOC-002,2026-08-26,56,225,65,260,8,11,18,3,3
LOC-002,2026-08-27,53,212,66,263,9,9,20,2,6
LOC-002,2026-08-28,47,188,56,226,7,9,19,4,5
LOC-002,2026-08-29,21,85,23,93,3,4,8,1,2
LOC-002,2026-08-30,7,30,9,36,1,2,2,0,1
LOC-002,2026-08-31,52,207,63,252,9,8,18,3,3
LOC-002,2026-09-01,48,192,55,219,7,8,15,2,5
LOC-002,2026-09-02,47,189,56,225,8,9,19,4,3
LOC-002,2026-09-03,57,226,62,247,7,12,22,3,5
LOC-002,2026-09-04,53,212,64,254,7,8,17,4,5
LOC-002,2026-09-05,23,91,31,123,3,5,8,2,2
LOC-002,2026-09-06,7,30,9,35,1,1,2,0,0
LOC-002,2026-09-07,47,188,63,253,8,11,21,4,4
LOC-002,2026-09-08,46,185,52,210,8,10,17,2,5
LOC-002,2026-09-09,49,195,63,253,9,10,22,3,5
LOC-002,2026-09-10,48,192,64,257,9,8,15,3,4
LOC-002,2026-09-11,50,200,55,220,8,8,17,2,6
LOC-003,2026-06-15,35,138,46,185,0,21,21,2,4
LOC-003,2026-06-16,40,161,54,217,0,27,26,2,4
LOC-003,2026-06-17,40,160,44,176,0,24,20,3,4
LOC-003,2026-06-18,38,153,44,176,0,20,22,2,3
LOC-003,2026-06-19,39,157,47,188,0,22,25,3,2
LOC-003,2026-06-20,16,64,20,82,0,10,10,0,0
LOC-003,2026-06-21,6,23,7,29,0,3,4,0,1
LOC-003,2026-06-22,39,156,53,212,0,22,27,3,4
LOC-003,2026-06-23,41,166,54,215,0,24,26,2,4
LOC-003,2026-06-24,42,167,47,188,0,26,23,2,3
LOC-003,2026-06-25,34,137,46,183,0,22,24,3,2
LOC-003,2026-06-26,38,152,49,198,0,21,19,3,5
LOC-003,2026-06-27,20,82,23,92,0,10,12,0,0
LOC-003,2026-06-28,6,22,7,29,0,3,3,0,1
LOC-003,2026-06-29,45,178,53,211,0,29,25,2,4
LOC-003,2026-06-30,37,150,51,205,0,25,19,2,4
LOC-003,2026-07-01,45,179,55,221,0,28,30,2,5
LOC-003,2026-07-02,36,143,48,194,0,21,26,2,3
LOC-003,2026-07-03,42,168,46,183,0,22,20,3,3
LOC-003,2026-07-04,15,61,21,83,0,10,11,0,0
LOC-003,2026-07-05,6,26,8,33,0,4,4,0,0
LOC-003,2026-07-06,36,146,48,193,0,23,22,2,3
LOC-003,2026-07-07,40,160,44,176,0,23,21,1,5
LOC-003,2026-07-08,45,180,49,196,0,21,20,2,4
LOC-003,2026-07-09,38,152,46,182,0,17,26,1,4
LOC-003,2026-07-10,38,153,53,211,0,22,23,3,5
LOC-003,2026-07-11,18,73,20,79,0,9,11,0,0
LOC-003,2026-07-12,7,26,8,31,0,4,4,0,1
LOC-003,2026-07-13,39,156,50,201,0,25,19,3,4
LOC-003,2026-07-14,40,160,44,175,0,17,26,2,5
LOC-003,2026-07-15,43,172,50,199,0,20,23,3,5
LOC-003,2026-07-16,40,162,45,180,0,25,25,3,3
LOC-003,2026-07-17,46,182,56,223,0,30,27,4,5
LOC-003,2026-07-18,16,65,20,81,0,9,9,0,0
LOC-003,2026-07-19,6,23,7,29,0,3,3,0,1
LOC-003,2026-07-20,36,146,50,201,0,26,27,1,4
LOC-003,2026-07-21,37,147,48,194,0,25,19,3,4
LOC-003,2026-07-22,39,155,43,171,0,19,20,2,4
LOC-003,2026-07-23,39,157,54,214,0,26,25,3,4
LOC-003,2026-07-24,44,175,50,201,0,26,24,2,4
LOC-003,2026-07-25,18,71,20,82,0,11,9,0,0
LOC-003,2026-07-26,5,21,7,28,0,4,3,0,1
LOC-003,2026-07-27,45,180,53,210,0,20,26,4,5
LOC-003,2026-07-28,39,157,53,213,0,26,24,2,3
LOC-003,2026-07-29,36,145,48,190,0,21,20,3,4
LOC-003,2026-07-30,43,174,48,192,0,27,26,3,5
LOC-003,2026-07-31,47,186,51,205,0,26,25,3,4
LOC-003,2026-08-01,19,77,25,100,0,10,14,0,0
LOC-003,2026-08-02,6,23,6,25,0,3,3,0,0
LOC-003,2026-08-03,42,170,57,228,0,22,27,3,3
LOC-003,2026-08-04,38,151,46,186,0,18,26,2,4
LOC-003,2026-08-05,43,172,54,215,0,25,29,2,3
LOC-003,2026-08-06,41,164,51,204,0,25,23,3,4
LOC-003,2026-08-07,43,173,50,201,0,23,28,3,3
LOC-003,2026-08-08,17,69,19,76,0,9,8,0,0
LOC-003,2026-08-09,6,25,8,32,0,4,3,0,1
LOC-003,2026-08-10,39,156,47,189,0,19,18,2,3
LOC-003,2026-08-11,42,169,48,194,0,20,22,3,3
LOC-003,2026-08-12,44,176,54,215,0,24,23,2,6
LOC-003,2026-08-13,38,151,52,206,0,21,18,2,5
LOC-003,2026-08-14,43,170,52,207,0,27,24,3,5
LOC-003,2026-08-15,20,79,23,93,0,11,10,0,0
LOC-003,2026-08-16,6,23,8,31,0,4,4,0,1
LOC-003,2026-08-17,38,152,50,199,0,26,25,2,4
LOC-003,2026-08-18,42,168,46,184,0,21,23,2,4
LOC-003,2026-08-19,42,170,50,199,0,20,29,3,3
LOC-003,2026-08-20,37,147,49,195,0,23,20,3,3
LOC-003,2026-08-21,40,160,55,219,0,26,27,3,2
LOC-003,2026-08-22,17,68,23,93,0,11,11,0,0
LOC-003,2026-08-23,5,22,7,28,0,4,3,0,0
LOC-003,2026-08-24,47,189,52,210,0,23,22,3,4
LOC-003,2026-08-25,40,160,54,216,0,26,20,2,3
LOC-003,2026-08-26,39,155,49,197,0,20,19,3,3
LOC-003,2026-08-27,37,149,49,195,0,23,24,3,3
LOC-003,2026-08-28,38,152,47,189,0,25,20,2,3
LOC-003,2026-08-29,20,78,23,92,0,12,13,0,0
LOC-003,2026-08-30,6,26,8,31,0,4,4,0,0
LOC-003,2026-08-31,37,149,48,192,0,21,20,2,3
LOC-003,2026-09-01,38,151,51,205,0,19,24,3,3
LOC-003,2026-09-02,43,171,53,211,0,20,24,3,3
LOC-003,2026-09-03,46,182,49,197,0,28,24,4,5
LOC-003,2026-09-04,42,169,48,192,0,21,25,3,3
LOC-003,2026-09-05,18,74,23,91,0,12,13,0,0
LOC-003,2026-09-06,5,21,7,29,0,3,3,0,1
LOC-003,2026-09-07,42,170,57,227,0,25,21,4,3
LOC-003,2026-09-08,44,176,54,218,0,29,30,3,3
LOC-003,2026-09-09,39,157,44,176,0,19,19,3,4
LOC-003,2026-09-10,39,157,51,205,0,26,28,3,4
LOC-003,2026-09-11,36,144,46,183,0,18,20,2,3
LOC-004,2026-06-15,65,261,85,339,37,34,27,2,7
LOC-004,2026-06-16,78,312,86,343,30,38,25,5,9
LOC-004,2026-06-17,79,314,92,367,31,49,25,5,6
LOC-004,2026-06-18,68,270,76,304,33,37,22,4,6
LOC-004,2026-06-19,71,284,90,362,31,36,29,6,4
LOC-004,2026-06-20,31,123,40,158,13,18,9,2,3
LOC-004,2026-06-21,11,45,13,51,5,6,3,0,1
LOC-004,2026-06-22,64,255,78,313,33,34,23,4,4
LOC-004,2026-06-23,66,263,87,347,34,36,28,5,7
LOC-004,2026-06-24,65,262,77,308,25,42,27,2,8
LOC-004,2026-06-25,63,250,75,299,31,37,27,4,5
LOC-004,2026-06-26,81,322,96,383,41,50,26,6,8
LOC-004,2026-06-27,31,125,40,158,14,15,11,2,3
LOC-004,2026-06-28,10,42,11,45,4,5,4,1,1
LOC-004,2026-06-29,78,311,89,357,33,37,32,5,5
LOC-004,2026-06-30,74,296,89,355,37,45,20,3,4
LOC-004,2026-07-01,62,248,78,311,31,28,24,3,4
LOC-004,2026-07-02,61,243,81,325,24,34,20,5,7
LOC-004,2026-07-03,66,263,82,330,32,33,21,3,7
LOC-004,2026-07-04,30,119,35,138,11,18,12,2,3
LOC-004,2026-07-05,10,41,12,50,5,6,4,1,1
LOC-004,2026-07-06,70,281,79,316,29,39,23,5,5
LOC-004,2026-07-07,68,270,89,356,36,38,29,4,4
LOC-004,2026-07-08,68,272,77,309,31,40,26,2,7
LOC-004,2026-07-09,64,257,74,297,30,34,25,3,7
LOC-004,2026-07-10,72,287,89,356,32,44,23,6,4
LOC-004,2026-07-11,32,127,43,173,13,21,11,1,3
LOC-004,2026-07-12,9,36,12,48,4,5,3,1,1
LOC-004,2026-07-13,63,254,78,311,28,28,26,4,7
LOC-004,2026-07-14,74,295,87,350,31,39,21,3,5
LOC-004,2026-07-15,75,299,93,373,32,34,23,4,8
LOC-004,2026-07-16,65,260,82,330,31,31,26,5,7
LOC-004,2026-07-17,70,281,79,317,33,30,25,4,8
LOC-004,2026-07-18,30,119,38,150,11,13,12,2,3
LOC-004,2026-07-19,11,43,13,51,5,5,4,0,1
LOC-004,2026-07-20,63,253,80,318,30,34,21,4,3
LOC-004,2026-07-21,70,280,76,304,29,31,27,2,7
LOC-004,2026-07-22,67,269,89,354,35,30,19,3,5
LOC-004,2026-07-23,63,251,83,332,26,32,20,3,6
LOC-004,2026-07-24,77,307,88,352,34,43,26,5,8
LOC-004,2026-07-25,27,108,32,128,12,11,7,1,2
LOC-004,2026-07-26,9,37,12,49,4,6,3,1,1
LOC-004,2026-07-27,58,231,77,309,30,30,16,2,7
LOC-004,2026-07-28,69,277,86,344,25,41,21,5,6
LOC-004,2026-07-29,68,273,88,351,29,29,19,3,8
LOC-004,2026-07-30,59,236,80,318,25,34,17,5,6
LOC-004,2026-07-31,61,244,84,335,23,32,24,3,7
LOC-004,2026-08-01,33,130,39,155,15,13,9,3,3
LOC-004,2026-08-02,9,35,12,48,4,5,3,0,1
LOC-004,2026-08-03,67,267,86,343,25,29,24,4,7
LOC-004,2026-08-04,63,252,70,280,21,27,18,3,4
LOC-004,2026-08-05,61,242,73,292,26,28,15,3,3
LOC-004,2026-08-06,66,264,77,309,26,29,19,2,7
LOC-004,2026-08-07,66,263,90,362,30,30,21,3,5
LOC-004,2026-08-08,30,120,33,132,12,13,9,1,2
LOC-004,2026-08-09,9,35,11,44,4,4,2,0,1
LOC-004,2026-08-10,59,238,75,299,28,27,18,4,6
LOC-004,2026-08-11,72,287,80,322,26,39,19,3,8
LOC-004,2026-08-12,73,292,85,339,31,34,23,3,5
LOC-004,2026-08-13,67,270,80,321,24,33,22,4,6
LOC-004,2026-08-14,60,239,82,327,26,33,19,3,6
LOC-004,2026-08-15,29,116,38,152,12,14,10,1,3
LOC-004,2026-08-16,9,38,12,49,3,6,3,0,1
LOC-004,2026-08-17,66,265,85,340,28,36,20,5,6
LOC-004,2026-08-18,66,263,73,291,28,32,18,4,3
LOC-004,2026-08-19,68,273,87,349,27,37,26,3,3
LOC-004,2026-08-20,57,228,70,280,23,28,18,3,4
LOC-004,2026-08-21,65,260,81,325,26,29,16,2,5
LOC-004,2026-08-22,32,128,36,143,14,12,9,2,2
LOC-004,2026-08-23,9,36,11,44,4,5,3,0,1
LOC-004,2026-08-24,53,210,70,279,23,28,14,4,3
LOC-004,2026-08-25,57,229,64,257,22,30,15,3,3
LOC-004,2026-08-26,64,257,77,309,21,31,17,4,5
LOC-004,2026-08-27,65,260,74,296,27,33,15,2,6
LOC-004,2026-08-28,57,229,67,269,22,24,20,3,5
LOC-004,2026-08-29,27,109,34,136,11,12,10,2,3
LOC-004,2026-08-30,10,39,11,45,4,4,2,0,1
LOC-004,2026-08-31,54,214,69,275,22,24,14,2,3
LOC-004,2026-09-01,59,234,75,300,25,33,18,3,3
LOC-004,2026-09-02,58,232,70,281,19,25,13,2,6
LOC-004,2026-09-03,65,260,79,318,25,32,18,4,5
LOC-004,2026-09-04,57,227,62,248,23,22,14,3,3
LOC-004,2026-09-05,25,101,33,131,11,12,6,1,2
LOC-004,2026-09-06,10,39,11,46,4,3,3,0,1
LOC-004,2026-09-07,51,202,67,268,22,22,19,2,4
LOC-004,2026-09-08,62,248,75,298,28,31,16,4,5
LOC-004,2026-09-09,56,222,71,286,23,22,14,2,3
LOC-004,2026-09-10,52,209,62,247,18,23,14,3,3
LOC-004,2026-09-11,52,210,70,280,24,26,13,4,5
LOC-005,2026-06-15,116,463,159,638,66,59,52,6,14
LOC-005,2026-06-16,115,459,150,598,60,66,44,6,10
LOC-005,2026-06-17,111,446,141,563,61,53,41,6,15
LOC-005,2026-06-18,101,406,138,553,48,48,44,8,12
LOC-005,2026-06-19,110,440,140,560,50,52,41,5,10
LOC-005,2026-06-20,49,194,56,225,25,24,18,3,4
LOC-005,2026-06-21,16,63,20,81,6,8,7,1,1
LOC-005,2026-06-22,123,492,148,593,48,80,38,9,8
LOC-005,2026-06-23,119,478,134,538,62,58,44,5,10
LOC-005,2026-06-24,131,526,148,593,57,64,50,6,13
LOC-005,2026-06-25,125,498,135,540,55,55,37,8,7
LOC-005,2026-06-26,114,456,150,602,66,64,36,4,10
LOC-005,2026-06-27,56,225,62,250,24,34,16,4,6
LOC-005,2026-06-28,14,58,20,79,6,9,4,1,1
LOC-005,2026-06-29,116,466,147,587,49,64,46,10,7
LOC-005,2026-06-30,96,385,125,501,49,53,44,5,7
LOC-005,2026-07-01,115,459,127,507,52,63,41,8,12
LOC-005,2026-07-02,118,473,150,600,53,68,44,9,9
LOC-005,2026-07-03,96,384,129,518,56,56,30,6,10
LOC-005,2026-07-04,48,191,66,262,28,33,15,4,5
LOC-005,2026-07-05,16,64,20,81,8,11,7,1,1
LOC-005,2026-07-06,113,450,123,493,42,66,38,7,10
LOC-005,2026-07-07,105,420,135,540,43,61,41,5,9
LOC-005,2026-07-08,120,478,136,544,60,65,39,8,14
LOC-005,2026-07-09,123,492,135,541,59,71,49,4,7
LOC-005,2026-07-10,113,450,136,544,55,57,45,8,7
LOC-005,2026-07-11,52,207,66,266,22,35,19,4,6
LOC-005,2026-07-12,16,65,18,73,8,8,7,1,1
LOC-005,2026-07-13,124,498,144,576,48,73,45,5,11
LOC-005,2026-07-14,107,426,130,521,52,56,34,4,11
LOC-005,2026-07-15,125,501,143,573,57,55,51,6,11
LOC-005,2026-07-16,113,453,127,509,59,69,40,9,12
LOC-005,2026-07-17,114,456,134,534,51,67,36,4,9
LOC-005,2026-07-18,48,192,65,258,21,32,22,4,3
LOC-005,2026-07-19,17,69,20,80,9,9,6,1,1
LOC-005,2026-07-20,117,469,137,546,56,63,43,7,13
LOC-005,2026-07-21,97,387,130,521,53,51,28,6,8
LOC-005,2026-07-22,106,422,140,560,59,72,31,8,13
LOC-005,2026-07-23,124,495,137,549,56,58,42,4,16
LOC-005,2026-07-24,126,504,139,558,65,77,44,9,10
LOC-005,2026-07-25,60,238,66,263,23,27,23,2,6
LOC-005,2026-07-26,16,62,21,85,7,8,5,1,2
LOC-005,2026-07-27,122,487,142,570,52,55,37,9,12
LOC-005,2026-07-28,106,423,119,476,47,54,37,9,7
LOC-005,2026-07-29,113,452,130,521,45,52,43,9,12
LOC-005,2026-07-30,95,379,126,502,44,46,32,5,9
LOC-005,2026-07-31,122,489,141,564,66,53,41,7,13
LOC-005,2026-08-01,48,191,58,232,25,23,13,4,6
LOC-005,2026-08-02,15,59,19,78,7,9,6,1,1
LOC-005,2026-08-03,129,515,140,560,48,78,43,5,15
LOC-005,2026-08-04,122,487,143,571,47,65,36,8,14
LOC-005,2026-08-05,119,476,130,519,56,54,35,5,9
LOC-005,2026-08-06,129,517,141,564,60,61,40,7,12
LOC-005,2026-08-07,105,419,121,485,42,50,43,6,11
LOC-005,2026-08-08,52,209,68,274,30,34,18,3,5
LOC-005,2026-08-09,19,74,23,91,8,9,6,1,2
LOC-005,2026-08-10,127,508,140,559,67,67,49,11,16
LOC-005,2026-08-11,98,390,124,496,43,62,43,4,13
LOC-005,2026-08-12,102,408,136,543,56,56,45,9,7
LOC-005,2026-08-13,109,437,144,575,58,74,32,8,15
LOC-005,2026-08-14,114,458,142,568,48,77,49,7,9
LOC-005,2026-08-15,53,213,59,236,22,25,18,2,6
LOC-005,2026-08-16,16,66,18,74,8,10,7,1,1
LOC-005,2026-08-17,108,434,147,587,59,73,48,10,10
LOC-005,2026-08-18,124,495,147,589,49,62,37,5,16
LOC-005,2026-08-19,115,461,158,630,61,59,54,9,16
LOC-005,2026-08-20,123,494,141,564,58,58,39,9,8
LOC-005,2026-08-21,113,451,154,615,66,64,53,10,7
LOC-005,2026-08-22,49,196,66,265,29,26,19,4,3
LOC-005,2026-08-23,18,74,21,85,10,9,8,1,2
LOC-005,2026-08-24,110,441,148,592,54,59,37,4,9
LOC-005,2026-08-25,107,426,115,462,45,61,44,8,9
LOC-005,2026-08-26,111,443,137,547,45,61,47,8,12
LOC-005,2026-08-27,108,433,119,477,54,52,34,9,6
LOC-005,2026-08-28,106,425,126,505,53,59,45,4,11
LOC-005,2026-08-29,52,209,63,254,20,34,16,4,4
LOC-005,2026-08-30,16,63,18,72,6,9,6,1,1
LOC-005,2026-08-31,110,441,127,506,42,61,45,4,9
LOC-005,2026-09-01,111,445,129,518,54,63,34,4,7
LOC-005,2026-09-02,115,460,127,509,58,56,38,7,12
LOC-005,2026-09-03,100,399,123,493,42,64,34,6,8
LOC-005,2026-09-04,117,467,134,534,49,52,45,8,7
LOC-005,2026-09-05,48,194,60,239,27,28,18,4,6
LOC-005,2026-09-06,16,66,20,81,9,9,7,1,1
LOC-005,2026-09-07,120,479,154,617,58,80,51,9,13
LOC-005,2026-09-08,97,387,126,504,42,66,44,8,7
LOC-005,2026-09-09,105,421,145,580,52,75,43,9,9
LOC-005,2026-09-10,116,462,156,625,49,65,42,6,9
LOC-005,2026-09-11,107,428,143,572,58,66,41,6,10
LOC-006,2026-06-15,49,195,61,244,25,32,21,3,3
LOC-006,2026-06-16,50,200,62,246,22,27,17,3,5
LOC-006,2026-06-17,50,202,58,234,20,28,19,2,6
LOC-006,2026-06-18,53,212,61,244,26,33,22,2,6
LOC-006,2026-06-19,53,214,62,248,24,31,15,4,3
LOC-006,2026-06-20,27,109,33,131,14,14,9,2,2
LOC-006,2026-06-21,7,29,10,38,4,5,3,1,1
LOC-006,2026-06-22,51,203,59,237,23,24,21,4,3
LOC-006,2026-06-23,47,187,62,248,26,25,17,4,5
LOC-006,2026-06-24,50,199,66,264,25,31,16,2,4
LOC-006,2026-06-25,57,228,64,258,29,31,18,2,7
LOC-006,2026-06-26,56,225,72,288,25,31,18,4,8
LOC-006,2026-06-27,26,103,33,131,13,13,9,1,3
LOC-006,2026-06-28,9,37,10,40,5,5,3,0,1
LOC-006,2026-06-29,59,238,69,277,32,34,20,3,5
LOC-006,2026-06-30,50,199,60,241,25,31,17,2,5
LOC-006,2026-07-01,54,217,72,288,26,33,22,3,4
LOC-006,2026-07-02,44,177,61,243,23,30,15,3,6
LOC-006,2026-07-03,53,214,60,240,26,33,21,4,5
LOC-006,2026-07-04,24,96,31,123,13,15,11,1,2
LOC-006,2026-07-05,8,33,9,36,4,4,2,1,1
LOC-006,2026-07-06,51,203,67,266,29,31,19,4,6
LOC-006,2026-07-07,58,232,66,263,23,26,18,4,6
LOC-006,2026-07-08,48,191,61,244,22,23,16,4,4
LOC-006,2026-07-09,56,224,66,263,24,28,23,3,7
LOC-006,2026-07-10,50,199,68,272,21,34,19,4,5
LOC-006,2026-07-11,23,93,26,102,12,10,7,1,2
LOC-006,2026-07-12,8,34,10,41,4,5,3,1,1
LOC-006,2026-07-13,46,184,58,232,18,24,19,2,5
LOC-006,2026-07-14,48,191,62,248,20,29,19,3,6
LOC-006,2026-07-15,53,212,58,231,21,26,14,3,6
LOC-006,2026-07-16,45,179,57,229,23,23,18,2,3
LOC-006,2026-07-17,48,193,60,242,20,31,16,2,5
LOC-006,2026-07-18,23,93,27,110,12,15,8,2,2
LOC-006,2026-07-19,6,26,9,35,4,4,2,1,0
LOC-006,2026-07-20,51,205,64,256,22,27,20,2,6
LOC-006,2026-07-21,45,180,55,221,18,30,18,3,3
LOC-006,2026-07-22,52,210,63,251,23,29,19,2,6
LOC-006,2026-07-23,51,203,59,237,25,29,16,3,3
LOC-006,2026-07-24,55,221,61,246,27,25,16,2,4
LOC-006,2026-07-25,21,83,24,95,10,10,8,1,1
LOC-006,2026-07-26,7,30,8,34,4,4,2,1,1
LOC-006,2026-07-27,50,201,64,256,21,24,19,4,3
LOC-006,2026-07-28,45,181,52,207,24,22,15,2,3
LOC-006,2026-07-29,44,176,51,204,22,22,17,2,5
LOC-006,2026-07-30,39,157,52,210,21,20,14,2,4
LOC-006,2026-07-31,54,216,60,240,27,25,18,4,4
LOC-006,2026-08-01,19,77,26,103,11,12,8,1,2
LOC-006,2026-08-02,6,23,8,32,3,3,2,0,1
LOC-006,2026-08-03,43,172,51,205,19,19,17,3,6
LOC-006,2026-08-04,39,154,52,209,17,22,12,2,3
LOC-006,2026-08-05,47,190,61,242,25,28,18,4,5
LOC-006,2026-08-06,43,172,53,211,22,20,17,2,4
LOC-006,2026-08-07,48,192,57,229,25,27,21,2,5
LOC-006,2026-08-08,18,70,23,94,10,12,5,1,1
LOC-006,2026-08-09,8,32,9,35,3,4,3,0,1
LOC-006,2026-08-10,48,191,58,231,25,26,14,3,5
LOC-006,2026-08-11,40,158,47,189,19,17,11,3,4
LOC-006,2026-08-12,43,170,52,208,18,25,19,2,3
LOC-006,2026-08-13,41,162,49,196,19,23,14,3,4
LOC-006,2026-08-14,38,153,50,200,17,21,17,3,3
LOC-006,2026-08-15,19,76,24,97,8,9,6,1,2
LOC-006,2026-08-16,6,23,7,29,2,4,2,0,1
LOC-006,2026-08-17,47,189,53,210,21,29,19,3,5
LOC-006,2026-08-18,40,161,51,204,23,19,15,3,2
LOC-006,2026-08-19,45,182,60,241,22,26,21,2,5
LOC-006,2026-08-20,46,184,51,206,20,25,19,3,4
LOC-006,2026-08-21,44,178,60,240,24,24,21,4,4
LOC-006,2026-08-22,17,69,21,82,9,10,6,1,2
LOC-006,2026-08-23,6,25,8,33,3,3,2,0,1
LOC-006,2026-08-24,40,160,55,220,21,28,15,3,3
LOC-006,2026-08-25,37,148,44,175,17,21,14,2,4
LOC-006,2026-08-26,46,184,53,214,24,28,16,2,3
LOC-006,2026-08-27,43,173,49,197,21,20,14,2,5
LOC-006,2026-08-28,44,174,51,203,22,19,18,2,5
LOC-006,2026-08-29,18,72,24,96,10,11,6,1,2
LOC-006,2026-08-30,6,22,7,28,3,3,2,0,0
LOC-006,2026-08-31,43,170,46,185,17,23,16,3,5
LOC-006,2026-09-01,41,164,53,211,21,26,16,3,5
LOC-006,2026-09-02,45,182,53,211,18,26,14,2,4
LOC-006,2026-09-03,38,150,45,180,18,18,14,2,3
LOC-006,2026-09-04,43,171,48,192,17,21,12,3,4
LOC-006,2026-09-05,18,72,22,87,9,9,7,1,1
LOC-006,2026-09-06,6,22,6,25,2,3,2,0,0
LOC-006,2026-09-07,36,144,42,169,16,17,14,2,5
LOC-006,2026-09-08,37,149,51,205,16,24,14,3,4
LOC-006,2026-09-09,37,149,51,204,20,20,17,3,3
LOC-006,2026-09-10,39,156,45,180,20,24,13,3,3
LOC-006,2026-09-11,32,129,43,173,14,19,15,1,4
LOC-007,2026-06-15,53,213,58,231,20,30,20,4,4
LOC-007,2026-06-16,44,175,54,216,22,29,18,3,6
LOC-007,2026-06-17,56,224,63,252,25,28,16,2,6
LOC-007,2026-06-18,49,197,61,245,21,25,17,3,4
LOC-007,2026-06-19,43,173,55,220,21,26,17,3,4
LOC-007,2026-06-20,25,99,27,109,13,11,10,1,1
LOC-007,2026-06-21,8,32,10,38,4,5,3,0,1
LOC-007,2026-06-22,46,185,61,243,23,32,15,3,6
LOC-007,2026-06-23,50,201,65,260,23,34,19,3,3
LOC-007,2026-06-24,44,176,55,220,21,29,15,3,6
LOC-007,2026-06-25,48,191,57,228,23,26,14,2,6
LOC-007,2026-06-26,48,193,55,219,24,29,19,4,6
LOC-007,2026-06-27,22,88,27,108,10,10,6,2,2
LOC-007,2026-06-28,7,30,8,33,4,3,3,1,1
LOC-007,2026-06-29,48,193,61,242,22,28,18,3,4
LOC-007,2026-06-30,51,203,55,220,20,24,19,3,6
LOC-007,2026-07-01,45,179,58,231,25,25,16,2,5
LOC-007,2026-07-02,45,178,56,224,24,29,14,3,3
LOC-007,2026-07-03,58,231,64,255,22,25,20,2,6
LOC-007,2026-07-04,22,86,27,107,12,12,8,2,2
LOC-007,2026-07-05,8,32,10,38,3,5,3,0,1
LOC-007,2026-07-06,50,201,60,240,23,29,21,4,5
LOC-007,2026-07-07,45,178,55,218,21,22,19,3,6
LOC-007,2026-07-08,53,214,65,260,24,26,19,2,4
LOC-007,2026-07-09,45,181,52,206,24,23,16,3,3
LOC-007,2026-07-10,57,228,67,267,28,31,23,4,4
LOC-007,2026-07-11,23,94,27,106,11,12,9,2,2
LOC-007,2026-07-12,7,27,9,37,3,4,3,0,1
LOC-007,2026-07-13,51,203,62,248,21,24,15,4,4
LOC-007,2026-07-14,46,183,54,216,23,21,14,4,5
LOC-007,2026-07-15,50,202,61,245,21,24,21,2,3
LOC-007,2026-07-16,52,208,59,235,25,23,19,2,4
LOC-007,2026-07-17,43,173,59,237,23,26,13,3,5
LOC-007,2026-07-18,22,89,25,99,10,14,9,1,3
LOC-007,2026-07-19,7,29,10,38,4,4,3,0,1
LOC-007,2026-07-20,48,192,58,232,23,24,16,2,3
LOC-007,2026-07-21,53,211,64,258,24,25,15,3,5
LOC-007,2026-07-22,43,173,57,226,21,21,16,2,5
LOC-007,2026-07-23,50,200,67,270,27,31,19,3,3
LOC-007,2026-07-24,52,209,60,239,26,31,17,3,6
LOC-007,2026-07-25,23,92,30,118,10,11,8,1,3
LOC-007,2026-07-26,7,27,9,36,3,3,3,1,1
LOC-007,2026-07-27,48,192,52,208,22,27,15,2,3
LOC-007,2026-07-28,52,208,60,239,27,27,17,2,5
LOC-007,2026-07-29,54,217,65,259,28,30,18,3,4
LOC-007,2026-07-30,48,191,56,225,24,28,20,3,5
LOC-007,2026-07-31,48,192,62,247,21,24,17,3,5
LOC-007,2026-08-01,23,91,29,117,10,15,7,1,2
LOC-007,2026-08-02,8,33,10,40,3,4,2,0,1
LOC-007,2026-08-03,54,218,68,273,26,33,21,5,7
LOC-007,2026-08-04,51,202,61,244,21,30,21,2,3
LOC-007,2026-08-05,52,206,63,253,22,25,15,2,3
LOC-007,2026-08-06,42,168,58,232,23,24,15,3,4
LOC-007,2026-08-07,56,224,62,246,21,27,22,4,4
LOC-007,2026-08-08,25,102,30,118,12,12,11,2,2
LOC-007,2026-08-09,8,31,8,34,3,4,3,1,1
LOC-007,2026-08-10,52,207,68,273,26,32,24,3,6
LOC-007,2026-08-11,48,193,66,264,24,28,19,2,3
LOC-007,2026-08-12,44,178,56,224,25,27,14,2,6
LOC-007,2026-08-13,52,210,57,228,26,25,14,3,6
LOC-007,2026-08-14,42,169,57,230,21,23,19,2,6
LOC-007,2026-08-15,22,88,30,119,11,11,9,2,2
LOC-007,2026-08-16,7,29,8,33,3,3,2,1,1
LOC-007,2026-08-17,51,203,64,255,27,29,15,3,5
LOC-007,2026-08-18,45,181,62,249,26,31,17,4,6
LOC-007,2026-08-19,50,198,57,227,23,22,20,3,5
LOC-007,2026-08-20,50,199,59,237,25,24,22,4,4
LOC-007,2026-08-21,56,223,60,242,22,30,17,4,4
LOC-007,2026-08-22,23,93,27,107,11,13,8,1,2
LOC-007,2026-08-23,8,32,9,38,4,4,2,0,1
LOC-007,2026-08-24,49,195,54,216,20,23,16,3,3
LOC-007,2026-08-25,56,225,63,253,28,26,19,5,7
LOC-007,2026-08-26,49,197,63,254,26,26,19,3,4
LOC-007,2026-08-27,54,217,60,239,27,28,20,3,4
LOC-007,2026-08-28,48,192,59,238,26,24,14,2,6
LOC-007,2026-08-29,26,103,29,117,12,15,8,2,2
LOC-007,2026-08-30,8,31,9,38,4,5,3,0,1
LOC-007,2026-08-31,47,189,53,213,24,24,17,3,6
LOC-007,2026-09-01,45,182,51,205,19,22,14,2,5
LOC-007,2026-09-02,48,192,58,232,25,25,18,4,4
LOC-007,2026-09-03,48,193,52,210,23,27,20,3,3
LOC-007,2026-09-04,48,194,54,215,18,29,17,2,4
LOC-007,2026-09-05,25,100,28,111,10,11,9,2,2
LOC-007,2026-09-06,7,29,8,33,3,3,3,0,1
LOC-007,2026-09-07,55,220,64,258,25,36,20,3,5
LOC-007,2026-09-08,53,210,67,270,23,31,21,4,5
LOC-007,2026-09-09,50,199,63,252,22,26,19,4,5
LOC-007,2026-09-10,49,196,56,226,21,21,20,4,4
LOC-007,2026-09-11,53,212,57,230,27,32,18,2,4
LOC-008,2026-06-15,58,230,66,264,22,29,19,1,2
LOC-008,2026-06-16,51,204,66,264,24,28,17,1,2
LOC-008,2026-06-17,60,240,81,324,33,38,21,2,3
LOC-008,2026-06-18,54,216,72,288,24,29,22,2,2
LOC-008,2026-06-19,63,253,72,287,24,28,22,1,2
LOC-008,2026-06-20,24,97,31,124,13,12,8,1,1
LOC-008,2026-06-21,8,32,11,42,5,5,3,0,0
LOC-008,2026-06-22,69,275,75,302,34,30,23,1,3
LOC-008,2026-06-23,59,236,78,312,25,38,20,2,2
LOC-008,2026-06-24,67,268,73,293,29,39,23,2,2
LOC-008,2026-06-25,62,248,72,289,27,35,17,2,2
LOC-008,2026-06-26,55,218,69,276,23,36,23,1,1
LOC-008,2026-06-27,28,111,33,130,11,14,8,1,1
LOC-008,2026-06-28,8,30,10,39,4,5,3,0,0
LOC-008,2026-06-29,52,208,65,261,29,35,20,1,2
LOC-008,2026-06-30,58,231,76,303,25,30,27,2,3
LOC-008,2026-07-01,65,258,78,311,27,38,22,1,3
LOC-008,2026-07-02,58,233,70,280,25,35,18,1,2
LOC-008,2026-07-03,64,257,74,297,33,40,23,1,2
LOC-008,2026-07-04,26,103,30,119,11,11,10,1,1
LOC-008,2026-07-05,7,30,10,39,4,4,3,0,0
LOC-008,2026-07-06,57,227,70,279,27,32,22,1,2
LOC-008,2026-07-07,52,207,64,255,21,33,16,2,1
LOC-008,2026-07-08,63,251,69,278,29,37,23,1,3
LOC-008,2026-07-09,55,222,66,263,27,25,24,1,2
LOC-008,2026-07-10,68,273,75,301,34,30,24,2,2
LOC-008,2026-07-11,25,99,32,127,13,13,7,0,1
LOC-008,2026-07-12,9,36,12,50,4,6,4,0,0
LOC-008,2026-07-13,54,216,68,272,23,34,19,1,2
LOC-008,2026-07-14,56,223,67,270,28,35,17,1,2
LOC-008,2026-07-15,60,240,67,270,32,31,19,1,3
LOC-008,2026-07-16,56,226,67,267,29,30,22,1,2
LOC-008,2026-07-17,53,212,69,277,30,28,24,1,2
LOC-008,2026-07-18,26,104,36,143,14,16,12,1,1
LOC-008,2026-07-19,8,31,10,42,3,5,3,0,0
LOC-008,2026-07-20,56,224,76,303,25,27,20,1,2
LOC-008,2026-07-21,61,242,69,277,31,27,20,2,3
LOC-008,2026-07-22,60,242,79,317,26,39,25,2,3
LOC-008,2026-07-23,61,243,71,283,30,34,17,1,3
LOC-008,2026-07-24,55,218,72,288,26,36,24,1,2
LOC-008,2026-07-25,29,115,31,125,14,14,9,0,1
LOC-008,2026-07-26,8,32,10,39,3,4,3,0,0
LOC-008,2026-07-27,60,239,73,293,25,30,21,1,1
LOC-008,2026-07-28,62,247,68,271,27,27,21,2,2
LOC-008,2026-07-29,54,216,67,268,26,32,17,1,2
LOC-008,2026-07-30,57,230,63,253,28,28,23,1,2
LOC-008,2026-07-31,59,237,70,279,26,33,16,1,3
LOC-008,2026-08-01,25,101,35,139,13,13,8,1,1
LOC-008,2026-08-02,8,33,11,43,5,4,2,0,0
LOC-008,2026-08-03,61,244,81,322,25,38,19,1,1
LOC-008,2026-08-04,53,212,65,262,23,30,17,1,2
LOC-008,2026-08-05,53,212,68,272,21,31,21,1,2
LOC-008,2026-08-06,53,211,69,277,27,25,21,1,2
LOC-008,2026-08-07,53,213,71,283,28,36,16,2,2
LOC-008,2026-08-08,25,100,30,119,14,11,8,1,1
LOC-008,2026-08-09,8,32,10,40,4,5,2,0,0
LOC-008,2026-08-10,57,228,68,271,23,29,19,2,2
LOC-008,2026-08-11,64,256,78,312,34,37,27,2,3
LOC-008,2026-08-12,53,210,65,260,23,25,23,1,1
LOC-008,2026-08-13,53,211,72,289,28,33,18,1,2
LOC-008,2026-08-14,62,249,84,336,29,37,21,1,3
LOC-008,2026-08-15,27,107,36,143,12,17,10,0,2
LOC-008,2026-08-16,10,41,11,46,5,6,3,0,1
LOC-008,2026-08-17,54,218,64,255,28,32,22,2,2
LOC-008,2026-08-18,57,226,68,273,31,36,24,1,3
LOC-008,2026-08-19,56,225,64,255,28,31,17,1,2
LOC-008,2026-08-20,53,211,68,270,24,32,19,1,2
LOC-008,2026-08-21,63,253,75,299,33,34,19,1,1
LOC-008,2026-08-22,30,119,32,130,12,15,11,1,1
LOC-008,2026-08-23,7,30,10,40,4,5,3,0,0
LOC-008,2026-08-24,56,223,66,266,22,33,19,1,2
LOC-008,2026-08-25,60,240,75,300,29,39,25,2,2
LOC-008,2026-08-26,68,273,75,299,36,36,22,2,3
LOC-008,2026-08-27,57,229,72,288,23,30,20,1,3
LOC-008,2026-08-28,59,237,71,284,29,27,21,1,3
LOC-008,2026-08-29,25,101,33,130,11,16,11,1,1
LOC-008,2026-08-30,9,35,10,42,4,5,3,0,0
LOC-008,2026-08-31,54,214,69,274,30,34,22,1,1
LOC-008,2026-09-01,58,231,68,273,27,30,23,1,3
LOC-008,2026-09-02,59,235,70,280,30,37,22,2,2
LOC-008,2026-09-03,66,263,74,297,32,34,21,2,2
LOC-008,2026-09-04,64,256,71,285,25,30,23,1,2
LOC-008,2026-09-05,28,114,35,140,11,18,9,1,1
LOC-008,2026-09-06,9,36,10,40,4,4,3,0,0
LOC-008,2026-09-07,67,267,73,293,26,37,18,2,3
LOC-008,2026-09-08,64,255,74,296,34,28,22,1,3
LOC-008,2026-09-09,60,239,76,306,30,38,19,1,2
LOC-008,2026-09-10,67,270,75,299,28,34,22,1,2
LOC-008,2026-09-11,61,246,71,286,25,36,19,1,2
LOC-009,2026-06-15,15,59,19,75,6,9,6,1,0
LOC-009,2026-06-16,15,58,20,80,7,9,5,1,0
LOC-009,2026-06-17,13,53,16,66,6,8,5,1,0
LOC-009,2026-06-18,17,68,18,73,6,9,5,1,0
LOC-009,2026-06-19,15,58,17,68,7,8,4,1,0
LOC-009,2026-06-20,6,25,8,30,3,3,2,0,0
LOC-009,2026-06-21,2,8,2,9,1,1,1,0,0
LOC-009,2026-06-22,14,56,18,71,8,8,5,1,0
LOC-009,2026-06-23,16,63,18,73,8,8,6,1,0
LOC-009,2026-06-24,16,65,19,77,9,8,5,1,0
LOC-009,2026-06-25,15,59,18,70,7,9,6,1,0
LOC-009,2026-06-26,14,57,17,70,6,8,6,1,0
LOC-009,2026-06-27,7,27,9,35,4,4,2,0,0
LOC-009,2026-06-28,2,9,3,12,1,1,1,0,0
LOC-009,2026-06-29,16,63,18,70,8,8,6,1,0
LOC-009,2026-06-30,15,58,18,73,6,8,4,1,0
LOC-009,2026-07-01,15,61,18,72,8,8,5,1,0
LOC-009,2026-07-02,14,54,15,61,6,6,5,1,0
LOC-009,2026-07-03,15,58,16,65,7,7,4,1,0
LOC-009,2026-07-04,7,27,7,30,3,4,2,0,0
LOC-009,2026-07-05,2,9,3,11,1,1,1,0,0
LOC-009,2026-07-06,15,60,18,74,8,9,5,1,0
LOC-009,2026-07-07,14,56,17,68,7,8,5,1,0
LOC-009,2026-07-08,14,57,19,77,7,9,6,1,0
LOC-009,2026-07-09,13,51,15,62,6,7,4,1,0
LOC-009,2026-07-10,13,50,17,67,7,7,5,1,0
LOC-009,2026-07-11,6,25,8,31,3,4,2,0,0
LOC-009,2026-07-12,2,9,3,11,1,1,1,0,0
LOC-009,2026-07-13,15,59,18,72,7,8,5,1,0
LOC-009,2026-07-14,13,53,15,59,7,8,4,1,0
LOC-009,2026-07-15,15,60,20,81,9,9,4,1,0
LOC-009,2026-07-16,14,55,17,68,6,8,5,1,0
LOC-009,2026-07-17,16,65,20,78,9,8,5,1,0
LOC-009,2026-07-18,6,24,7,28,3,3,2,0,0
LOC-009,2026-07-19,2,9,3,12,1,1,1,0,0
LOC-009,2026-07-20,14,57,18,72,7,7,5,1,0
LOC-009,2026-07-21,15,62,20,79,6,7,4,1,0
LOC-009,2026-07-22,17,69,19,77,8,9,6,1,0
LOC-009,2026-07-23,13,53,16,64,6,7,4,1,0
LOC-009,2026-07-24,16,65,19,75,7,8,6,1,0
LOC-009,2026-07-25,7,29,8,32,3,4,2,1,0
LOC-009,2026-07-26,2,9,3,11,1,1,1,0,0
LOC-009,2026-07-27,13,51,16,64,7,7,4,1,0
LOC-009,2026-07-28,14,57,17,69,7,8,6,1,0
LOC-009,2026-07-29,16,63,20,81,8,9,5,1,0
LOC-009,2026-07-30,15,61,20,81,8,8,5,1,0
LOC-009,2026-07-31,14,55,16,63,7,6,4,1,0
LOC-009,2026-08-01,6,25,8,32,3,4,2,0,0
LOC-009,2026-08-02,2,8,2,9,1,1,1,0,0
LOC-009,2026-08-03,14,56,18,70,6,9,5,1,0
LOC-009,2026-08-04,13,53,16,63,6,8,5,1,0
LOC-009,2026-08-05,15,61,17,69,8,7,6,1,0
LOC-009,2026-08-06,16,63,17,69,8,9,7,1,0
LOC-009,2026-08-07,14,58,17,67,6,8,5,1,0
LOC-009,2026-08-08,7,28,8,31,3,4,2,0,0
LOC-009,2026-08-09,2,8,2,9,1,1,1,0,0
LOC-009,2026-08-10,12,49,17,67,6,8,6,1,0
LOC-009,2026-08-11,16,64,18,72,8,10,6,1,0
LOC-009,2026-08-12,14,56,17,67,8,8,6,1,0
LOC-009,2026-08-13,16,62,18,73,6,7,6,1,0
LOC-009,2026-08-14,17,67,19,77,7,9,7,1,0
LOC-009,2026-08-15,6,23,7,30,3,3,3,0,0
LOC-009,2026-08-16,2,9,3,10,1,1,1,0,0
LOC-009,2026-08-17,13,53,17,68,7,8,5,1,0
LOC-009,2026-08-18,15,59,19,77,8,9,4,1,0
LOC-009,2026-08-19,14,56,19,76,7,9,5,1,1
LOC-009,2026-08-20,13,54,18,74,6,8,6,1,0
LOC-009,2026-08-21,15,59,17,67,7,9,5,1,0
LOC-009,2026-08-22,7,29,8,32,3,4,3,0,0
LOC-009,2026-08-23,2,8,3,10,1,1,1,0,0
LOC-009,2026-08-24,13,54,15,60,7,8,5,1,0
LOC-009,2026-08-25,14,54,18,74,6,7,6,1,1
LOC-009,2026-08-26,16,65,18,72,6,7,5,1,0
LOC-009,2026-08-27,14,56,18,74,6,8,6,1,0
LOC-009,2026-08-28,15,59,20,80,8,8,7,1,0
LOC-009,2026-08-29,7,27,9,35,3,4,2,0,0
LOC-009,2026-08-30,2,9,3,11,1,1,1,0,0
LOC-009,2026-08-31,13,51,16,62,5,6,4,1,0
LOC-009,2026-09-01,15,58,19,76,8,7,6,1,0
LOC-009,2026-09-02,16,64,17,70,6,8,7,1,0
LOC-009,2026-09-03,13,52,15,60,5,7,4,1,0
LOC-009,2026-09-04,13,52,17,68,7,7,4,1,0
LOC-009,2026-09-05,7,27,8,30,3,3,2,0,0
LOC-009,2026-09-06,2,9,3,12,1,1,1,0,0
LOC-009,2026-09-07,12,50,17,67,7,8,4,1,0
LOC-009,2026-09-08,15,62,18,72,6,9,6,1,0
LOC-009,2026-09-09,14,55,19,75,6,10,5,1,0
LOC-009,2026-09-10,14,55,19,76,6,7,6,1,0
LOC-009,2026-09-11,15,60,17,68,6,9,5,1,0
LOC-010,2026-06-15,58,233,80,319,33,29,26,4,8
LOC-010,2026-06-16,65,258,86,343,29,41,27,3,5
LOC-010,2026-06-17,66,266,89,358,34,34,26,2,9
LOC-010,2026-06-18,60,239,72,290,31,27,22,4,7
LOC-010,2026-06-19,74,296,89,357,32,42,21,5,10
LOC-010,2026-06-20,28,114,33,132,14,13,10,1,3
LOC-010,2026-06-21,11,43,14,55,4,6,4,1,1
LOC-010,2026-06-22,73,294,87,348,34,42,30,3,9
LOC-010,2026-06-23,67,270,74,295,29,32,28,4,7
LOC-010,2026-06-24,78,311,86,343,39,45,21,6,8
LOC-010,2026-06-25,77,307,85,342,33,43,25,3,7
LOC-010,2026-06-26,59,238,76,305,26,40,19,2,6
LOC-010,2026-06-27,33,133,41,166,18,16,13,2,3
LOC-010,2026-06-28,9,37,12,48,4,4,3,1,1
LOC-010,2026-06-29,60,239,77,307,31,35,20,4,7
LOC-010,2026-06-30,70,281,93,370,40,34,31,4,5
LOC-010,2026-07-01,60,242,70,281,32,28,19,4,6
LOC-010,2026-07-02,57,227,70,278,28,29,25,4,4
LOC-010,2026-07-03,52,206,62,249,25,26,15,4,4
LOC-010,2026-07-04,26,103,33,130,12,14,10,1,3
LOC-010,2026-07-05,8,32,10,42,4,4,2,1,1
LOC-010,2026-07-06,50,199,61,242,27,31,14,3,5
LOC-010,2026-07-07,45,179,61,243,24,24,21,4,5
LOC-010,2026-07-08,58,234,66,263,24,25,18,2,4
LOC-010,2026-07-09,48,191,59,237,19,25,16,3,5
LOC-010,2026-07-10,50,201,58,234,27,26,18,2,4
LOC-010,2026-07-11,24,97,26,105,12,15,8,2,2
LOC-010,2026-07-12,7,28,10,38,4,4,2,0,1
LOC-010,2026-07-13,51,202,65,259,27,33,16,3,4
LOC-010,2026-07-14,48,192,64,255,23,23,14,3,5
LOC-010,2026-07-15,47,189,64,257,22,23,18,3,5
LOC-010,2026-07-16,47,188,57,230,20,24,18,4,6
LOC-010,2026-07-17,54,215,60,242,27,27,17,3,4
LOC-010,2026-07-18,25,100,34,134,11,16,9,2,3
LOC-010,2026-07-19,7,29,9,38,4,4,3,0,1
LOC-010,2026-07-20,49,197,56,224,22,30,21,2,6
LOC-010,2026-07-21,58,231,64,256,25,35,19,4,6
LOC-010,2026-07-22,60,239,67,268,24,30,21,2,7
LOC-010,2026-07-23,58,231,67,269,27,31,16,2,4
LOC-010,2026-07-24,56,225,75,299,28,35,25,3,6
LOC-010,2026-07-25,26,102,29,118,10,13,11,1,3
LOC-010,2026-07-26,8,32,10,40,4,5,3,1,1
LOC-010,2026-07-27,52,209,65,260,28,25,15,3,7
LOC-010,2026-07-28,49,197,55,222,20,25,20,3,4
LOC-010,2026-07-29,51,204,69,277,26,33,17,2,6
LOC-010,2026-07-30,50,200,67,268,28,31,17,4,6
LOC-010,2026-07-31,48,190,59,237,25,21,17,3,4
LOC-010,2026-08-01,22,86,29,116,9,11,7,1,3
LOC-010,2026-08-02,8,31,10,41,4,5,3,1,1
LOC-010,2026-08-03,56,223,62,246,28,34,19,3,4
LOC-010,2026-08-04,54,215,72,289,28,35,19,4,3
LOC-010,2026-08-05,62,247,71,282,32,28,19,2,4
LOC-010,2026-08-06,47,190,61,243,25,23,20,4,3
LOC-010,2026-08-07,49,194,64,255,24,23,15,2,3
LOC-010,2026-08-08,25,101,33,131,14,17,8,2,2
LOC-010,2026-08-09,9,34,9,38,4,5,4,0,1
LOC-010,2026-08-10,55,220,71,284,24,32,17,4,3
LOC-010,2026-08-11,54,217,62,247,23,34,19,5,3
LOC-010,2026-08-12,55,219,67,268,28,29,21,3,7
LOC-010,2026-08-13,54,216,64,255,24,26,17,2,7
LOC-010,2026-08-14,57,226,63,252,22,33,21,3,3
LOC-010,2026-08-15,27,107,30,119,11,15,8,2,2
LOC-010,2026-08-16,9,37,11,43,5,4,3,1,1
LOC-010,2026-08-17,65,261,74,295,35,35,18,4,7
LOC-010,2026-08-18,56,223,63,251,24,31,16,5,7
LOC-010,2026-08-19,52,208,72,286,25,32,25,2,7
LOC-010,2026-08-20,66,264,76,306,33,37,21,5,7
LOC-010,2026-08-21,61,245,74,297,30,33,22,3,7
LOC-010,2026-08-22,26,105,30,121,12,15,8,1,2
LOC-010,2026-08-23,8,33,11,42,5,4,3,0,1
LOC-010,2026-08-24,60,241,67,266,29,35,23,3,6
LOC-010,2026-08-25,64,257,74,297,28,40,23,5,4
LOC-010,2026-08-26,61,243,82,329,29,33,22,4,4
LOC-010,2026-08-27,62,247,82,330,29,39,23,3,7
LOC-010,2026-08-28,69,276,77,307,33,39,26,4,6
LOC-010,2026-08-29,32,128,39,157,15,18,14,2,3
LOC-010,2026-08-30,11,45,13,53,4,5,5,1,1
LOC-010,2026-08-31,56,224,75,301,26,27,20,3,5
LOC-010,2026-09-01,71,282,81,324,34,39,29,3,5
LOC-010,2026-09-02,70,282,77,307,29,36,28,4,8
LOC-010,2026-09-03,61,246,79,315,31,42,21,3,6
LOC-010,2026-09-04,77,308,86,342,37,38,26,6,6
LOC-010,2026-09-05,32,127,38,150,14,17,13,2,4
LOC-010,2026-09-06,11,42,12,49,4,7,4,0,1
LOC-010,2026-09-07,58,232,77,309,25,32,18,5,6
LOC-010,2026-09-08,59,236,78,311,31,31,25,4,6
LOC-010,2026-09-09,65,259,77,309,32,35,26,3,4
LOC-010,2026-09-10,67,267,89,356,34,34,31,5,6
LOC-010,2026-09-11,75,300,92,370,37,46,26,5,8
LOC-011,2026-06-15,57,228,68,270,23,27,22,3,5
LOC-011,2026-06-16,50,200,66,265,21,26,18,4,6
LOC-011,2026-06-17,53,211,66,265,24,25,17,3,6
LOC-011,2026-06-18,54,217,67,269,25,32,16,2,4
LOC-011,2026-06-19,51,204,67,268,26,26,22,5,5
LOC-011,2026-06-20,21,85,28,113,9,13,9,2,2
LOC-011,2026-06-21,8,32,10,40,3,5,3,0,1
LOC-011,2026-06-22,56,222,75,302,28,37,26,5,4
LOC-011,2026-06-23,62,247,71,284,24,37,20,4,5
LOC-011,2026-06-24,62,250,72,286,28,29,19,5,5
LOC-011,2026-06-25,51,205,64,257,24,27,23,3,5
LOC-011,2026-06-26,55,221,76,302,32,38,20,4,7
LOC-011,2026-06-27,21,83,29,114,11,14,9,2,2
LOC-011,2026-06-28,9,37,11,43,4,5,4,0,1
LOC-011,2026-06-29,48,193,64,258,27,27,22,3,7
LOC-011,2026-06-30,54,217,60,240,27,26,16,4,7
LOC-011,2026-07-01,56,223,75,299,30,31,17,5,7
LOC-011,2026-07-02,61,245,74,298,28,39,24,5,7
LOC-011,2026-07-03,59,237,76,303,29,32,23,5,7
LOC-011,2026-07-04,26,106,29,115,10,15,10,2,2
LOC-011,2026-07-05,8,32,10,41,4,4,2,1,1
LOC-011,2026-07-06,58,232,76,303,32,36,25,3,6
LOC-011,2026-07-07,60,238,69,275,29,36,24,3,5
LOC-011,2026-07-08,50,200,67,268,29,34,17,5,7
LOC-011,2026-07-09,56,225,71,283,31,38,18,4,4
LOC-011,2026-07-10,56,222,67,267,24,26,19,5,4
LOC-011,2026-07-11,27,107,32,128,14,14,10,1,3
LOC-011,2026-07-12,7,29,10,39,4,4,3,0,1
LOC-011,2026-07-13,53,213,74,294,25,34,20,3,4
LOC-011,2026-07-14,54,214,62,247,26,34,18,4,5
LOC-011,2026-07-15,53,211,59,236,22,30,20,4,6
LOC-011,2026-07-16,60,241,69,278,24,27,19,3,7
LOC-011,2026-07-17,59,238,81,323,35,36,25,2,5
LOC-011,2026-07-18,27,106,31,124,12,14,11,2,3
LOC-011,2026-07-19,8,32,10,39,4,5,2,0,1
LOC-011,2026-07-20,54,214,60,239,20,24,22,4,6
LOC-011,2026-07-21,62,248,72,288,32,35,24,3,5
LOC-011,2026-07-22,64,255,75,298,35,38,19,5,7
LOC-011,2026-07-23,63,251,69,275,24,29,17,3,7
LOC-011,2026-07-24,52,207,71,286,30,25,19,4,5
LOC-011,2026-07-25,24,96,32,127,13,12,7,2,2
LOC-011,2026-07-26,8,31,9,38,3,5,3,1,1
LOC-011,2026-07-27,56,222,69,277,26,26,23,4,7
LOC-011,2026-07-28,47,189,60,242,24,26,18,4,6
LOC-011,2026-07-29,55,220,61,243,28,31,18,5,5
LOC-011,2026-07-30,46,183,63,250,24,32,16,4,5
LOC-011,2026-07-31,62,248,77,308,27,28,24,3,4
LOC-011,2026-08-01,21,85,29,116,10,12,7,2,3
LOC-011,2026-08-02,7,29,10,38,3,5,2,1,1
LOC-011,2026-08-03,51,203,62,248,23,32,17,4,3
LOC-011,2026-08-04,54,217,72,288,27,31,24,3,6
LOC-011,2026-08-05,54,216,70,281,29,32,20,3,3
LOC-011,2026-08-06,53,214,65,259,23,32,16,3,6
LOC-011,2026-08-07,58,233,68,271,26,37,20,2,4
LOC-011,2026-08-08,26,105,35,140,13,14,8,1,2
LOC-011,2026-08-09,8,31,9,37,3,4,3,0,1
LOC-011,2026-08-10,50,201,61,246,20,30,15,2,4
LOC-011,2026-08-11,47,187,63,250,22,28,17,3,5
LOC-011,2026-08-12,50,201,69,276,29,26,17,4,6
LOC-011,2026-08-13,63,253,70,282,29,27,18,3,6
LOC-011,2026-08-14,56,224,75,300,32,34,21,4,8
LOC-011,2026-08-15,24,95,30,121,12,13,8,1,1
LOC-011,2026-08-16,8,32,9,35,4,5,2,1,1
LOC-011,2026-08-17,54,216,68,272,29,27,18,3,5
LOC-011,2026-08-18,51,202,57,228,20,29,21,3,6
LOC-011,2026-08-19,60,242,69,275,28,37,17,2,6
LOC-011,2026-08-20,54,217,75,299,31,35,22,4,5
LOC-011,2026-08-21,56,225,69,274,27,33,22,4,5
LOC-011,2026-08-22,26,105,32,129,12,14,8,2,2
LOC-011,2026-08-23,8,33,10,41,5,4,3,0,1
LOC-011,2026-08-24,53,211,62,248,22,25,22,3,5
LOC-011,2026-08-25,58,232,74,294,24,30,23,5,7
LOC-011,2026-08-26,57,230,74,297,31,37,25,4,5
LOC-011,2026-08-27,57,229,73,291,24,29,22,2,5
LOC-011,2026-08-28,65,259,75,302,27,29,18,5,5
LOC-011,2026-08-29,22,88,29,117,12,10,7,1,2
LOC-011,2026-08-30,8,32,9,36,3,4,3,0,1
LOC-011,2026-08-31,55,221,62,248,27,29,21,4,7
LOC-011,2026-09-01,54,217,66,262,29,25,16,4,6
LOC-011,2026-09-02,60,241,80,319,25,29,24,5,8
LOC-011,2026-09-03,52,208,61,242,23,28,20,2,5
LOC-011,2026-09-04,57,227,64,254,29,29,19,4,4
LOC-011,2026-09-05,28,110,32,130,13,12,9,2,2
LOC-011,2026-09-06,9,36,10,41,4,5,3,1,1
LOC-011,2026-09-07,55,220,66,266,29,34,18,2,4
LOC-011,2026-09-08,46,185,61,244,26,22,16,4,3
LOC-011,2026-09-09,49,197,64,256,25,30,22,2,5
LOC-011,2026-09-10,57,227,72,289,28,30,20,4,6
LOC-011,2026-09-11,52,208,67,270,29,24,17,3,7
LOC-012,2026-06-15,9,34,10,41,4,5,3,1,1
LOC-012,2026-06-16,8,34,11,44,4,4,3,0,1
LOC-012,2026-06-17,8,34,11,44,4,6,3,0,1
LOC-012,2026-06-18,8,32,10,41,3,4,3,1,1
LOC-012,2026-06-19,9,34,11,44,5,4,3,0,1
LOC-012,2026-06-20,4,15,4,17,2,2,1,0,0
LOC-012,2026-06-21,1,5,2,7,1,1,1,0,0
LOC-012,2026-06-22,9,35,10,41,4,5,3,1,1
LOC-012,2026-06-23,9,34,10,39,4,5,3,0,1
LOC-012,2026-06-24,9,34,11,46,4,4,4,1,1
LOC-012,2026-06-25,8,32,10,40,4,5,3,0,1
LOC-012,2026-06-26,8,34,10,41,5,5,4,1,1
LOC-012,2026-06-27,3,14,4,17,1,2,1,0,0
LOC-012,2026-06-28,1,5,2,6,1,1,1,0,0
LOC-012,2026-06-29,8,31,10,38,3,4,3,1,1
LOC-012,2026-06-30,8,32,11,42,3,5,2,1,1
LOC-012,2026-07-01,8,31,10,41,4,4,3,1,1
LOC-012,2026-07-02,9,35,11,43,5,5,3,1,1
LOC-012,2026-07-03,9,37,11,46,4,5,3,1,1
LOC-012,2026-07-04,4,16,5,21,2,2,1,0,1
LOC-012,2026-07-05,1,6,2,7,1,1,1,0,0
LOC-012,2026-07-06,9,37,11,45,4,5,3,1,1
LOC-012,2026-07-07,8,31,9,38,3,4,3,0,1
LOC-012,2026-07-08,9,35,10,39,4,4,3,1,1
LOC-012,2026-07-09,9,37,12,47,4,4,4,0,1
LOC-012,2026-07-10,8,34,11,45,4,4,3,0,1
LOC-012,2026-07-11,4,15,4,17,1,2,1,0,0
LOC-012,2026-07-12,1,5,1,6,1,1,0,0,0
LOC-012,2026-07-13,8,33,11,44,4,4,4,1,1
LOC-012,2026-07-14,10,38,11,45,4,4,3,1,1
LOC-012,2026-07-15,9,37,11,43,5,5,4,1,1
LOC-012,2026-07-16,9,35,11,46,4,5,3,1,1
LOC-012,2026-07-17,10,42,12,49,6,6,4,1,1
LOC-012,2026-07-18,4,17,5,19,2,3,1,0,0
LOC-012,2026-07-19,2,6,2,7,1,1,1,0,0
LOC-012,2026-07-20,9,38,12,46,4,6,3,0,1
LOC-012,2026-07-21,9,35,10,39,4,4,3,1,1
LOC-012,2026-07-22,9,35,11,45,4,5,4,1,1
LOC-012,2026-07-23,11,42,12,49,5,6,3,1,1
LOC-012,2026-07-24,8,33,10,41,4,5,3,1,1
LOC-012,2026-07-25,4,18,6,22,2,3,1,0,1
LOC-012,2026-07-26,1,6,2,7,1,1,1,0,0
LOC-012,2026-07-27,10,39,13,50,4,5,4,1,1
LOC-012,2026-07-28,8,34,10,39,4,4,2,1,1
LOC-012,2026-07-29,11,42,12,48,5,5,3,1,1
LOC-012,2026-07-30,9,37,10,41,5,5,4,1,1
LOC-012,2026-07-31,10,38,12,49,5,6,4,0,1
LOC-012,2026-08-01,4,16,5,18,2,2,1,0,0
LOC-012,2026-08-02,1,6,2,8,1,1,0,0,0
LOC-012,2026-08-03,10,42,13,53,6,5,5,1,1
LOC-012,2026-08-04,9,35,11,45,4,5,4,1,1
LOC-012,2026-08-05,9,38,11,46,4,4,3,0,1
LOC-012,2026-08-06,8,33,11,43,5,5,2,0,1
LOC-012,2026-08-07,9,37,12,47,4,5,4,1,1
LOC-012,2026-08-08,4,18,5,20,2,2,1,0,0
LOC-012,2026-08-09,1,6,2,8,1,1,1,0,0
LOC-012,2026-08-10,9,38,10,41,4,5,4,0,1
LOC-012,2026-08-11,11,43,13,52,5,6,3,1,1
LOC-012,2026-08-12,10,39,12,47,4,6,3,1,1
LOC-012,2026-08-13,9,35,11,42,5,6,3,0,1
LOC-012,2026-08-14,11,43,13,53,5,5,3,1,1
LOC-012,2026-08-15,5,20,6,23,2,3,2,0,1
LOC-012,2026-08-16,2,6,2,7,1,1,0,0,0
LOC-012,2026-08-17,11,44,13,51,6,7,3,1,1
LOC-012,2026-08-18,10,41,11,45,5,6,3,1,1
LOC-012,2026-08-19,11,46,14,55,5,6,5,1,1
LOC-012,2026-08-20,10,41,13,52,6,6,3,1,1
LOC-012,2026-08-21,11,43,13,51,4,6,4,0,1
LOC-012,2026-08-22,4,17,5,19,2,2,1,0,1
LOC-012,2026-08-23,1,6,2,7,1,1,1,0,0
LOC-012,2026-08-24,10,39,11,43,4,4,3,1,1
LOC-012,2026-08-25,9,37,11,43,4,6,4,0,1
LOC-012,2026-08-26,10,42,11,45,5,6,3,1,1
LOC-012,2026-08-27,12,46,13,52,6,6,4,1,1
LOC-012,2026-08-28,11,44,15,60,6,7,5,0,1
LOC-012,2026-08-29,5,20,7,26,2,3,2,0,1
LOC-012,2026-08-30,2,6,2,7,1,1,1,0,0
LOC-012,2026-08-31,9,36,12,48,5,6,4,1,1
LOC-012,2026-09-01,9,37,11,45,5,4,3,1,1
LOC-012,2026-09-02,11,43,13,53,5,6,4,1,1
LOC-012,2026-09-03,11,43,13,50,5,7,4,0,1
LOC-012,2026-09-04,10,38,13,51,5,5,4,1,1
LOC-012,2026-09-05,5,19,6,23,2,2,2,0,0
LOC-012,2026-09-06,2,6,2,8,1,1,1,0,0
LOC-012,2026-09-07,11,44,12,49,4,6,4,0,1
LOC-012,2026-09-08,10,42,13,53,6,7,3,0,1
LOC-012,2026-09-09,11,43,12,49,5,5,4,1,1
LOC-012,2026-09-10,11,42,15,58,6,7,5,1,1
LOC-012,2026-09-11,10,40,13,53,5,6,4,1,1
