location_id,year_month,search_term,impressions
LOC-001,2026-04,brightpath dental austin,3888
LOC-001,2026-04,dental implants mueller,5534
LOC-001,2026-04,emergency dentist,3786
LOC-001,2026-04,gentle dentist,2806
LOC-001,2026-04,brightpath dental,2596
LOC-001,2026-04,tooth extraction mueller,998
LOC-001,2026-04,gentle dentist mueller,711
LOC-001,2026-04,kids dentist,807
LOC-001,2026-04,brightpath dental mueller,1660
LOC-001,2026-04,dental cleaning,457
LOC-001,2026-04,tooth extraction,435
LOC-001,2026-04,brightpath mueller,1792
LOC-001,2026-05,dental implants,6414
LOC-001,2026-05,gentle dentist,5783
LOC-001,2026-05,brightpath mueller,1885
LOC-001,2026-05,brightpath dental,2454
LOC-001,2026-05,affordable dentist no insurance,2237
LOC-001,2026-05,brightpath dental austin,594
LOC-001,2026-05,dental implants cost,952
LOC-001,2026-05,brightpath dental mueller,237
LOC-001,2026-05,dentist open now,559
LOC-001,2026-05,root canal near me mueller,942
LOC-001,2026-05,dental implants mueller,525
LOC-001,2026-05,dentist open sunday austin,1693
LOC-001,2026-05,dentist open saturday,1337
LOC-001,2026-06,dentist with payment plans,6794
LOC-001,2026-06,root canal near me,6367
LOC-001,2026-06,braces near me,1614
LOC-001,2026-06,dental cleaning,2541
LOC-001,2026-06,teeth cleaning near me mueller,1893
LOC-001,2026-06,kids dentist,380
LOC-001,2026-06,teeth whitening cost,527
LOC-001,2026-06,dentist open sunday austin,522
LOC-001,2026-06,tooth extraction,1596
LOC-001,2026-06,dentist open sunday mueller,210
LOC-001,2026-06,teeth whitening,1105
LOC-001,2026-06,dental implants,1378
LOC-001,2026-06,dentist open saturday,1577
LOC-001,2026-06,cavity filling,799
LOC-001,2026-06,brightpath dental mueller,35
LOC-001,2026-06,cosmetic dentist austin,311
LOC-001,2026-07,gentle dentist,4457
LOC-001,2026-07,dentist open now,2392
LOC-001,2026-07,dentist with payment plans austin,2333
LOC-001,2026-07,dental implants,1720
LOC-001,2026-07,teeth whitening cost,2459
LOC-001,2026-07,dentist near me,372
LOC-001,2026-07,brightpath dental,300
LOC-001,2026-07,root canal near me,1223
LOC-001,2026-07,teeth whitening,447
LOC-001,2026-07,affordable dentist no insurance,578
LOC-001,2026-07,dentist open sunday,981
LOC-001,2026-07,brightpath dental austin,528
LOC-001,2026-07,walk in dentist,428
LOC-001,2026-07,dentist with payment plans mueller,766
LOC-001,2026-07,invisalign near me,1180
LOC-001,2026-07,braces near me austin,966
LOC-001,2026-07,dentist open now mueller,1075
LOC-001,2026-07,dentist with payment plans,1529
LOC-001,2026-07,emergency tooth extraction,1331
LOC-001,2026-07,brightpath dental mueller,293
LOC-001,2026-07,braces near me,566
LOC-001,2026-07,dentist that takes medicaid,458
LOC-001,2026-08,brightpath mueller,5610
LOC-001,2026-08,dentist open saturday mueller,4347
LOC-001,2026-08,dental implants,1656
LOC-001,2026-08,teeth whitening,1783
LOC-001,2026-08,gum disease treatment,2825
LOC-001,2026-08,braces near me austin,1528
LOC-001,2026-08,brightpath dental austin,1167
LOC-001,2026-08,kids dentist,1387
LOC-001,2026-08,dentist open saturday austin,1793
LOC-001,2026-08,dentist open sunday,1680
LOC-001,2026-08,dentist with payment plans,164
LOC-001,2026-08,cosmetic dentist,332
LOC-001,2026-08,cavity filling mueller,232
LOC-002,2026-04,brightpath dental south lamar,1992
LOC-002,2026-04,dentist open sunday south lamar,2592
LOC-002,2026-04,kids dentist south lamar,872
LOC-002,2026-04,brightpath dental,1134
LOC-002,2026-04,brightpath south lamar,1429
LOC-002,2026-04,kids dentist,508
LOC-002,2026-04,dentist with payment plans,565
LOC-002,2026-04,dentist open now,451
LOC-002,2026-04,dental cleaning,458
LOC-002,2026-04,dentist that takes medicaid,650
LOC-002,2026-04,brightpath dental austin,434
LOC-002,2026-04,walk in dentist,138
LOC-002,2026-04,dentist with payment plans south lamar,137
LOC-002,2026-04,dentist with payment plans austin,201
LOC-002,2026-04,dental implants,139
LOC-002,2026-04,gum disease treatment,46
LOC-002,2026-04,affordable dentist no insurance,500
LOC-002,2026-05,gentle dentist,3192
LOC-002,2026-05,dentist with payment plans,2442
LOC-002,2026-05,invisalign near me,1075
LOC-002,2026-05,brightpath dental south lamar,638
LOC-002,2026-05,dental cleaning south lamar,765
LOC-002,2026-05,brightpath south lamar,369
LOC-002,2026-05,walk in dentist,498
LOC-002,2026-05,dentist open sunday,370
LOC-002,2026-05,emergency tooth extraction,89
LOC-002,2026-05,gum disease treatment,61
LOC-002,2026-05,dentist open saturday,373
LOC-002,2026-05,brightpath dental austin,157
LOC-002,2026-05,braces near me,415
LOC-002,2026-05,tooth extraction,203
LOC-002,2026-05,dental cleaning,100
LOC-002,2026-05,orthodontist near me,568
LOC-002,2026-05,teeth whitening,301
LOC-002,2026-05,dentist open sunday south lamar,606
LOC-002,2026-05,wisdom teeth removal,62
LOC-002,2026-05,dentist with payment plans south lamar,617
LOC-002,2026-06,dental implants cost,1589
LOC-002,2026-06,dental implants,3675
LOC-002,2026-06,brightpath dental austin,1199
LOC-002,2026-06,best dentist near me austin,935
LOC-002,2026-06,dental implants austin,897
LOC-002,2026-06,dental cleaning south lamar,274
LOC-002,2026-06,dentist near me,659
LOC-002,2026-06,cavity filling,112
LOC-002,2026-06,best dentist near me south lamar,554
LOC-002,2026-06,invisalign near me,229
LOC-002,2026-06,orthodontist near me,164
LOC-002,2026-06,wisdom teeth removal,708
LOC-002,2026-06,affordable dentist no insurance,407
LOC-002,2026-06,brightpath south lamar,467
LOC-002,2026-06,brightpath dental,598
LOC-002,2026-07,dentist open saturday,2256
LOC-002,2026-07,dentist open now,1830
LOC-002,2026-07,invisalign near me austin,961
LOC-002,2026-07,dentist open sunday,773
LOC-002,2026-07,brightpath dental austin,1359
LOC-002,2026-07,dental implants cost austin,464
LOC-002,2026-07,orthodontist near me,73
LOC-002,2026-07,cosmetic dentist,309
LOC-002,2026-07,dental implants,686
LOC-002,2026-07,gum disease treatment,35
LOC-002,2026-07,dentist open saturday austin,657
LOC-002,2026-07,brightpath south lamar,362
LOC-002,2026-07,dental implants cost,165
LOC-002,2026-07,dental implants cost south lamar,160
LOC-002,2026-07,brightpath dental,682
LOC-002,2026-07,dentist open saturday south lamar,737
LOC-002,2026-07,dentist near me,374
LOC-002,2026-07,gentle dentist,270
LOC-002,2026-08,brightpath dental,1640
LOC-002,2026-08,brightpath dental austin,1717
LOC-002,2026-08,dentist near me,655
LOC-002,2026-08,teeth whitening cost,1409
LOC-002,2026-08,braces near me austin,946
LOC-002,2026-08,brightpath dental south lamar,4
LOC-002,2026-08,orthodontist near me,465
LOC-002,2026-08,dental cleaning,676
LOC-002,2026-08,kids dentist,578
LOC-002,2026-08,braces near me south lamar,484
LOC-002,2026-08,root canal near me,453
LOC-002,2026-08,teeth whitening,521
LOC-002,2026-08,dental implants cost south lamar,613
LOC-002,2026-08,dentist open sunday,538
LOC-002,2026-08,wisdom teeth removal south lamar,549
LOC-002,2026-08,best dentist near me,414
LOC-003,2026-04,dental cleaning,1406
LOC-003,2026-04,emergency dentist round rock,1693
LOC-003,2026-04,dental implants round rock,1060
LOC-003,2026-04,dentist with payment plans,575
LOC-003,2026-04,wisdom teeth removal,555
LOC-003,2026-04,dentist open saturday,632
LOC-003,2026-04,brightpath dental,406
LOC-003,2026-04,teeth cleaning near me round rock,524
LOC-003,2026-04,dentist open sunday,458
LOC-003,2026-04,brightpath dental austin,493
LOC-003,2026-04,teeth whitening,206
LOC-003,2026-04,gum disease treatment,76
LOC-003,2026-04,invisalign near me,168
LOC-003,2026-04,teeth cleaning near me austin,553
LOC-003,2026-04,orthodontist near me,219
LOC-003,2026-04,best dentist near me,159
LOC-003,2026-04,tooth extraction,146
LOC-003,2026-04,dentist open now,123
LOC-003,2026-05,brightpath dental austin,1477
LOC-003,2026-05,root canal near me,1883
LOC-003,2026-05,dentist open sunday,672
LOC-003,2026-05,orthodontist near me,621
LOC-003,2026-05,gentle dentist,762
LOC-003,2026-05,brightpath dental,304
LOC-003,2026-05,affordable dentist no insurance,100
LOC-003,2026-05,emergency dentist austin,273
LOC-003,2026-05,dentist open saturday,660
LOC-003,2026-05,kids dentist round rock,185
LOC-003,2026-05,brightpath round rock,148
LOC-003,2026-05,braces near me,439
LOC-003,2026-05,dentist open now,702
LOC-003,2026-05,gum disease treatment,360
LOC-003,2026-05,teeth cleaning near me,308
LOC-003,2026-06,root canal near me,1709
LOC-003,2026-06,gentle dentist,1573
LOC-003,2026-06,brightpath dental,552
LOC-003,2026-06,dentist that takes medicaid round rock,707
LOC-003,2026-06,teeth cleaning near me,580
LOC-003,2026-06,dentist open sunday austin,406
LOC-003,2026-06,pediatric dentist near me,397
LOC-003,2026-06,kids dentist,252
LOC-003,2026-06,teeth whitening,552
LOC-003,2026-06,cavity filling,101
LOC-003,2026-06,dental implants,291
LOC-003,2026-06,dentist open sunday,78
LOC-003,2026-06,brightpath dental austin,417
LOC-003,2026-06,best dentist near me,411
LOC-003,2026-06,dentist open saturday,983
LOC-003,2026-06,dentist open now,579
LOC-003,2026-07,teeth cleaning near me round rock,1854
LOC-003,2026-07,walk in dentist,1102
LOC-003,2026-07,teeth whitening round rock,690
LOC-003,2026-07,brightpath dental round rock,589
LOC-003,2026-07,affordable dentist no insurance,502
LOC-003,2026-07,brightpath dental,382
LOC-003,2026-07,affordable dentist no insurance austin,109
LOC-003,2026-07,root canal near me,192
LOC-003,2026-07,dentist open sunday,1176
LOC-003,2026-07,dentist open now,1469
LOC-003,2026-07,pediatric dentist near me,486
LOC-003,2026-07,dentist open saturday,98
LOC-003,2026-07,emergency dentist,477
LOC-003,2026-08,brightpath dental austin,942
LOC-003,2026-08,dentist open now,1660
LOC-003,2026-08,cavity filling austin,801
LOC-003,2026-08,teeth cleaning near me austin,796
LOC-003,2026-08,brightpath dental round rock,819
LOC-003,2026-08,invisalign near me,530
LOC-003,2026-08,cosmetic dentist,111
LOC-003,2026-08,gentle dentist,309
LOC-003,2026-08,orthodontist near me,99
LOC-003,2026-08,dentist open sunday,700
LOC-003,2026-08,cavity filling,396
LOC-003,2026-08,dentist near me,185
LOC-003,2026-08,dental cleaning,429
LOC-003,2026-08,brightpath dental,321
LOC-003,2026-08,dentist with payment plans,358
LOC-003,2026-08,tooth extraction,307
LOC-003,2026-08,dentist open saturday,951
LOC-004,2026-04,dentist with payment plans,4473
LOC-004,2026-04,orthodontist near me,3863
LOC-004,2026-04,pediatric dentist near me,1843
LOC-004,2026-04,cosmetic dentist,2598
LOC-004,2026-04,dental cleaning,2497
LOC-004,2026-04,teeth whitening dallas,1330
LOC-004,2026-04,emergency tooth extraction deep ellum,988
LOC-004,2026-04,brightpath dental,793
LOC-004,2026-04,dentist near me deep ellum,31
LOC-004,2026-04,brightpath dental dallas,179
LOC-004,2026-04,teeth whitening deep ellum,505
LOC-004,2026-04,brightpath dental deep ellum,340
LOC-004,2026-04,gum disease treatment,803
LOC-004,2026-05,cosmetic dentist,3205
LOC-004,2026-05,wisdom teeth removal,6003
LOC-004,2026-05,brightpath dental dallas,1715
LOC-004,2026-05,teeth whitening cost,2174
LOC-004,2026-05,emergency tooth extraction,2351
LOC-004,2026-05,dentist that takes medicaid,602
LOC-004,2026-05,teeth whitening,418
LOC-004,2026-05,brightpath deep ellum,561
LOC-004,2026-05,dental implants cost deep ellum,31
LOC-004,2026-05,dental implants,1282
LOC-004,2026-05,dental implants cost,936
LOC-004,2026-05,cavity filling deep ellum,267
LOC-004,2026-05,dental cleaning,590
LOC-004,2026-05,invisalign near me,107
LOC-004,2026-05,affordable dentist no insurance deep ellum,109
LOC-004,2026-06,dentist open sunday,2948
LOC-004,2026-06,pediatric dentist near me deep ellum,3451
LOC-004,2026-06,brightpath dental deep ellum,2079
LOC-004,2026-06,invisalign near me,1127
LOC-004,2026-06,dental cleaning,2166
LOC-004,2026-06,emergency tooth extraction,1044
LOC-004,2026-06,brightpath deep ellum,166
LOC-004,2026-06,braces near me,389
LOC-004,2026-06,dentist with payment plans deep ellum,1074
LOC-004,2026-06,gum disease treatment,319
LOC-004,2026-06,cosmetic dentist,492
LOC-004,2026-06,emergency dentist,994
LOC-004,2026-06,teeth whitening,114
LOC-004,2026-06,dentist open now,235
LOC-004,2026-06,brightpath dental dallas,386
LOC-004,2026-06,dentist near me,247
LOC-004,2026-06,gentle dentist,835
LOC-004,2026-06,teeth whitening cost,126
LOC-004,2026-06,affordable dentist no insurance,295
LOC-004,2026-06,cavity filling,9
LOC-004,2026-07,affordable dentist no insurance,5323
LOC-004,2026-07,brightpath deep ellum,3280
LOC-004,2026-07,brightpath dental deep ellum,1670
LOC-004,2026-07,cavity filling,2187
LOC-004,2026-07,dentist open saturday,1272
LOC-004,2026-07,pediatric dentist near me,42
LOC-004,2026-07,emergency tooth extraction,132
LOC-004,2026-07,dentist that takes medicaid deep ellum,329
LOC-004,2026-07,dentist open sunday,1081
LOC-004,2026-07,gum disease treatment,851
LOC-004,2026-07,dental implants deep ellum,858
LOC-004,2026-07,orthodontist near me,28
LOC-004,2026-07,kids dentist,960
LOC-004,2026-07,dental cleaning,377
LOC-004,2026-07,brightpath dental dallas,1025
LOC-004,2026-07,brightpath dental,58
LOC-004,2026-07,invisalign near me,218
LOC-004,2026-07,teeth cleaning near me,612
LOC-004,2026-08,dentist open sunday,2566
LOC-004,2026-08,wisdom teeth removal,3921
LOC-004,2026-08,brightpath dental deep ellum,1797
LOC-004,2026-08,dental implants cost,1829
LOC-004,2026-08,brightpath deep ellum,1520
LOC-004,2026-08,gentle dentist,61
LOC-004,2026-08,cosmetic dentist,296
LOC-004,2026-08,orthodontist near me,372
LOC-004,2026-08,brightpath dental dallas,786
LOC-004,2026-08,teeth whitening dallas,161
LOC-004,2026-08,pediatric dentist near me,377
LOC-004,2026-08,teeth whitening deep ellum,716
LOC-004,2026-08,brightpath dental,967
LOC-004,2026-08,teeth whitening,587
LOC-004,2026-08,dentist with payment plans deep ellum,186
LOC-004,2026-08,walk in dentist,40
LOC-004,2026-08,dental cleaning,887
LOC-004,2026-08,emergency tooth extraction,960
LOC-004,2026-08,walk in dentist deep ellum,357
LOC-004,2026-08,braces near me,801
LOC-005,2026-04,wisdom teeth removal,4246
LOC-005,2026-04,affordable dentist no insurance plano,4728
LOC-005,2026-04,dentist near me,2130
LOC-005,2026-04,brightpath plano,2207
LOC-005,2026-04,kids dentist,1756
LOC-005,2026-04,emergency dentist,930
LOC-005,2026-04,affordable dentist no insurance,1148
LOC-005,2026-04,affordable dentist no insurance dallas,686
LOC-005,2026-04,emergency tooth extraction plano,509
LOC-005,2026-04,brightpath dental,491
LOC-005,2026-04,kids dentist plano,978
LOC-005,2026-04,tooth extraction,539
LOC-005,2026-04,emergency tooth extraction,969
LOC-005,2026-04,dentist open now,104
LOC-005,2026-04,best dentist near me,926
LOC-005,2026-04,dentist open sunday,1311
LOC-005,2026-04,emergency tooth extraction dallas,840
LOC-005,2026-04,teeth cleaning near me,1135
LOC-005,2026-04,braces near me,331
LOC-005,2026-04,brightpath dental dallas,1273
LOC-005,2026-05,brightpath plano,6499
LOC-005,2026-05,tooth extraction plano,8242
LOC-005,2026-05,affordable dentist no insurance plano,1601
LOC-005,2026-05,emergency dentist,2761
LOC-005,2026-05,wisdom teeth removal,1952
LOC-005,2026-05,affordable dentist no insurance,962
LOC-005,2026-05,cosmetic dentist,989
LOC-005,2026-05,brightpath dental plano,908
LOC-005,2026-05,dentist near me dallas,345
LOC-005,2026-05,gum disease treatment,1501
LOC-005,2026-05,tooth extraction dallas,362
LOC-005,2026-05,dentist open now,346
LOC-005,2026-06,dental cleaning plano,2826
LOC-005,2026-06,walk in dentist plano,5884
LOC-005,2026-06,dentist near me,1698
LOC-005,2026-06,emergency dentist,2250
LOC-005,2026-06,dental cleaning,1542
LOC-005,2026-06,walk in dentist,1031
LOC-005,2026-06,teeth whitening cost plano,850
LOC-005,2026-06,dentist that takes medicaid,1508
LOC-005,2026-06,gum disease treatment,944
LOC-005,2026-06,cosmetic dentist,553
LOC-005,2026-06,kids dentist,1083
LOC-005,2026-06,braces near me,1414
LOC-005,2026-06,walk in dentist dallas,286
LOC-005,2026-06,brightpath dental,559
LOC-005,2026-06,dental implants cost,990
LOC-005,2026-06,best dentist near me,1088
LOC-005,2026-06,cavity filling,912
LOC-005,2026-06,dentist open saturday,850
LOC-005,2026-06,brightpath dental plano,70
LOC-005,2026-07,brightpath dental plano,4154
LOC-005,2026-07,tooth extraction,3996
LOC-005,2026-07,kids dentist,1967
LOC-005,2026-07,best dentist near me dallas,2440
LOC-005,2026-07,gum disease treatment,1745
LOC-005,2026-07,orthodontist near me,291
LOC-005,2026-07,root canal near me,942
LOC-005,2026-07,brightpath plano,207
LOC-005,2026-07,best dentist near me plano,408
LOC-005,2026-07,dentist open saturday,522
LOC-005,2026-07,invisalign near me,1161
LOC-005,2026-07,dental implants,889
LOC-005,2026-07,brightpath dental dallas,209
LOC-005,2026-07,dental cleaning plano,886
LOC-005,2026-07,dental cleaning,44
LOC-005,2026-07,pediatric dentist near me,695
LOC-005,2026-07,teeth whitening,288
LOC-005,2026-07,teeth cleaning near me,1401
LOC-005,2026-07,emergency dentist,861
LOC-005,2026-07,dentist near me,647
LOC-005,2026-07,gum disease treatment plano,1025
LOC-005,2026-07,emergency tooth extraction,1062
LOC-005,2026-08,brightpath dental dallas,6113
LOC-005,2026-08,dental cleaning,6408
LOC-005,2026-08,brightpath dental plano,2087
LOC-005,2026-08,brightpath dental,2538
LOC-005,2026-08,best dentist near me plano,2625
LOC-005,2026-08,dentist near me,419
LOC-005,2026-08,dentist open sunday dallas,1138
LOC-005,2026-08,gum disease treatment,323
LOC-005,2026-08,best dentist near me dallas,1862
LOC-005,2026-08,orthodontist near me,1114
LOC-005,2026-08,brightpath plano,778
LOC-005,2026-08,dental implants,112
LOC-005,2026-08,emergency tooth extraction,1062
LOC-006,2026-04,brightpath dental,2524
LOC-006,2026-04,brightpath dental irving,2626
LOC-006,2026-04,dental implants,1461
LOC-006,2026-04,dentist open now,1282
LOC-006,2026-04,kids dentist,1736
LOC-006,2026-04,dentist that takes medicaid,177
LOC-006,2026-04,dental implants cost,99
LOC-006,2026-04,brightpath irving,619
LOC-006,2026-04,best dentist near me irving,843
LOC-006,2026-04,teeth cleaning near me,30
LOC-006,2026-04,dentist open saturday,126
LOC-006,2026-04,root canal near me,21
LOC-006,2026-04,brightpath dental dallas,377
LOC-006,2026-04,dentist with payment plans,809
LOC-006,2026-04,teeth whitening cost,910
LOC-006,2026-04,best dentist near me,196
LOC-006,2026-04,dentist open sunday dallas,485
LOC-006,2026-04,best dentist near me dallas,369
LOC-006,2026-04,pediatric dentist near me,22
LOC-006,2026-05,brightpath dental irving,2611
LOC-006,2026-05,dental implants cost irving,2340
LOC-006,2026-05,wisdom teeth removal,1532
LOC-006,2026-05,tooth extraction,1854
LOC-006,2026-05,dentist open now,1126
LOC-006,2026-05,brightpath dental,66
LOC-006,2026-05,emergency tooth extraction,137
LOC-006,2026-05,gum disease treatment irving,307
LOC-006,2026-05,emergency dentist,578
LOC-006,2026-05,gum disease treatment dallas,704
LOC-006,2026-05,wisdom teeth removal irving,586
LOC-006,2026-05,brightpath dental dallas,671
LOC-006,2026-05,dentist open saturday,644
LOC-006,2026-05,dentist that takes medicaid,356
LOC-006,2026-06,dental implants,1682
LOC-006,2026-06,dentist that takes medicaid,2411
LOC-006,2026-06,dentist with payment plans,933
LOC-006,2026-06,dentist open now,1245
LOC-006,2026-06,orthodontist near me,1231
LOC-006,2026-06,cavity filling,300
LOC-006,2026-06,brightpath dental irving,777
LOC-006,2026-06,teeth cleaning near me,621
LOC-006,2026-06,best dentist near me irving,546
LOC-006,2026-06,dental cleaning,38
LOC-006,2026-06,invisalign near me,744
LOC-006,2026-06,kids dentist,224
LOC-006,2026-06,wisdom teeth removal,418
LOC-006,2026-06,brightpath irving,202
LOC-006,2026-06,teeth whitening cost,294
LOC-006,2026-06,brightpath dental,72
LOC-006,2026-06,teeth whitening irving,415
LOC-006,2026-06,affordable dentist no insurance,327
LOC-006,2026-07,dentist that takes medicaid irving,2039
LOC-006,2026-07,teeth whitening cost irving,2832
LOC-006,2026-07,brightpath dental,1510
LOC-006,2026-07,dentist open now,923
LOC-006,2026-07,teeth whitening cost dallas,1008
LOC-006,2026-07,dental cleaning,105
LOC-006,2026-07,emergency dentist,642
LOC-006,2026-07,tooth extraction,568
LOC-006,2026-07,gum disease treatment,787
LOC-006,2026-07,cosmetic dentist,28
LOC-006,2026-07,kids dentist irving,77
LOC-006,2026-07,dental implants,608
LOC-006,2026-07,kids dentist dallas,376
LOC-006,2026-07,brightpath irving,168
LOC-006,2026-07,emergency tooth extraction,252
LOC-006,2026-08,dentist open sunday,3399
LOC-006,2026-08,invisalign near me,1270
LOC-006,2026-08,walk in dentist,694
LOC-006,2026-08,best dentist near me,863
LOC-006,2026-08,brightpath dental dallas,940
LOC-006,2026-08,cosmetic dentist,670
LOC-006,2026-08,pediatric dentist near me dallas,150
LOC-006,2026-08,brightpath dental irving,545
LOC-006,2026-08,affordable dentist no insurance,97
LOC-006,2026-08,dentist with payment plans,473
LOC-006,2026-08,orthodontist near me,174
LOC-006,2026-08,tooth extraction,233
LOC-006,2026-08,dental implants cost,218
LOC-006,2026-08,pediatric dentist near me irving,81
LOC-006,2026-08,emergency dentist,7
LOC-006,2026-08,brightpath dental,307
LOC-006,2026-08,dentist open saturday,488
LOC-006,2026-08,dental cleaning,295
LOC-007,2026-04,dental cleaning,1299
LOC-007,2026-04,brightpath dental houston,1549
LOC-007,2026-04,root canal near me,784
LOC-007,2026-04,brightpath dental,876
LOC-007,2026-04,dental implants cost,874
LOC-007,2026-04,cavity filling,306
LOC-007,2026-04,dentist that takes medicaid,137
LOC-007,2026-04,dentist open saturday,70
LOC-007,2026-04,dentist open sunday,439
LOC-007,2026-04,affordable dentist no insurance,598
LOC-007,2026-04,brightpath dental montrose,81
LOC-007,2026-04,kids dentist,436
LOC-007,2026-04,dentist near me,445
LOC-007,2026-04,cosmetic dentist montrose,164
LOC-007,2026-04,tooth extraction,305
LOC-007,2026-04,dental implants,251
LOC-007,2026-04,gentle dentist,508
LOC-007,2026-04,wisdom teeth removal,100
LOC-007,2026-05,cosmetic dentist montrose,1518
LOC-007,2026-05,dentist with payment plans,2048
LOC-007,2026-05,cosmetic dentist houston,886
LOC-007,2026-05,dentist open now,530
LOC-007,2026-05,emergency tooth extraction,622
LOC-007,2026-05,brightpath dental montrose,345
LOC-007,2026-05,teeth cleaning near me,262
LOC-007,2026-05,gum disease treatment,64
LOC-007,2026-05,gum disease treatment montrose,547
LOC-007,2026-05,affordable dentist no insurance houston,82
LOC-007,2026-05,braces near me,593
LOC-007,2026-05,brightpath dental,495
LOC-007,2026-05,emergency dentist,392
LOC-007,2026-05,orthodontist near me,318
LOC-007,2026-05,walk in dentist,405
LOC-007,2026-06,brightpath dental montrose,1109
LOC-007,2026-06,dentist open saturday,1691
LOC-007,2026-06,gentle dentist houston,619
LOC-007,2026-06,emergency tooth extraction,525
LOC-007,2026-06,best dentist near me montrose,640
LOC-007,2026-06,emergency dentist,474
LOC-007,2026-06,root canal near me,345
LOC-007,2026-06,teeth whitening cost,99
LOC-007,2026-06,teeth cleaning near me,188
LOC-007,2026-06,dentist with payment plans,50
LOC-007,2026-06,cosmetic dentist,366
LOC-007,2026-06,tooth extraction,436
LOC-007,2026-06,gentle dentist montrose,101
LOC-007,2026-06,teeth whitening,227
LOC-007,2026-06,kids dentist,183
LOC-007,2026-06,braces near me,398
LOC-007,2026-06,wisdom teeth removal,518
LOC-007,2026-06,brightpath dental,247
LOC-007,2026-06,best dentist near me,78
LOC-007,2026-06,affordable dentist no insurance,398
LOC-007,2026-06,brightpath montrose,62
LOC-007,2026-07,best dentist near me,1468
LOC-007,2026-07,braces near me,1980
LOC-007,2026-07,teeth whitening cost,745
LOC-007,2026-07,dental implants,629
LOC-007,2026-07,dental implants cost montrose,622
LOC-007,2026-07,brightpath dental montrose,130
LOC-007,2026-07,invisalign near me houston,540
LOC-007,2026-07,wisdom teeth removal,127
LOC-007,2026-07,dentist that takes medicaid,367
LOC-007,2026-07,teeth whitening,40
LOC-007,2026-07,dental cleaning,305
LOC-007,2026-07,emergency dentist,275
LOC-007,2026-07,brightpath dental,618
LOC-007,2026-07,root canal near me,177
LOC-007,2026-07,brightpath montrose,386
LOC-007,2026-07,dentist open sunday,529
LOC-007,2026-08,tooth extraction,1351
LOC-007,2026-08,teeth whitening cost,1597
LOC-007,2026-08,gum disease treatment,1023
LOC-007,2026-08,kids dentist,802
LOC-007,2026-08,brightpath dental montrose,986
LOC-007,2026-08,best dentist near me,83
LOC-007,2026-08,teeth cleaning near me,212
LOC-007,2026-08,invisalign near me montrose,373
LOC-007,2026-08,affordable dentist no insurance houston,330
LOC-007,2026-08,affordable dentist no insurance montrose,28
LOC-007,2026-08,emergency tooth extraction,321
LOC-007,2026-08,invisalign near me,57
LOC-007,2026-08,gum disease treatment montrose,360
LOC-007,2026-08,dental implants,472
LOC-007,2026-08,gum disease treatment houston,321
LOC-007,2026-08,affordable dentist no insurance,222
LOC-008,2026-04,dentist open saturday katy,3249
LOC-008,2026-04,emergency dentist houston,3253
LOC-008,2026-04,brightpath dental,1306
LOC-008,2026-04,invisalign near me katy,1115
LOC-008,2026-04,brightpath dental katy,1258
LOC-008,2026-04,invisalign near me houston,743
LOC-008,2026-04,dental implants cost,811
LOC-008,2026-04,brightpath dental houston,101
LOC-008,2026-04,brightpath katy,202
LOC-008,2026-04,dentist open now,848
LOC-008,2026-04,dentist near me,805
LOC-008,2026-04,emergency dentist,37
LOC-008,2026-04,cavity filling,1074
LOC-008,2026-05,gentle dentist,1585
LOC-008,2026-05,dental implants cost,3034
LOC-008,2026-05,dentist that takes medicaid,1029
LOC-008,2026-05,brightpath dental,996
LOC-008,2026-05,teeth whitening cost houston,1216
LOC-008,2026-05,brightpath katy,59
LOC-008,2026-05,dentist with payment plans,252
LOC-008,2026-05,invisalign near me,78
LOC-008,2026-05,brightpath dental houston,534
LOC-008,2026-05,orthodontist near me,480
LOC-008,2026-05,pediatric dentist near me,651
LOC-008,2026-05,wisdom teeth removal katy,627
LOC-008,2026-05,cavity filling,780
LOC-008,2026-05,teeth whitening cost katy,599
LOC-008,2026-05,dental implants katy,379
LOC-008,2026-05,gum disease treatment,55
LOC-008,2026-05,dental cleaning,337
LOC-008,2026-05,dentist open saturday,497
LOC-008,2026-05,walk in dentist,467
LOC-008,2026-05,brightpath dental katy,78
LOC-008,2026-05,emergency dentist,505
LOC-008,2026-06,walk in dentist,3060
LOC-008,2026-06,teeth whitening cost,1908
LOC-008,2026-06,tooth extraction,1560
LOC-008,2026-06,affordable dentist no insurance,1315
LOC-008,2026-06,brightpath dental katy,1933
LOC-008,2026-06,emergency tooth extraction,495
LOC-008,2026-06,teeth whitening cost katy,751
LOC-008,2026-06,cosmetic dentist,411
LOC-008,2026-06,dentist open now,98
LOC-008,2026-06,gum disease treatment,127
LOC-008,2026-06,dentist that takes medicaid,596
LOC-008,2026-06,dental implants cost,635
LOC-008,2026-06,wisdom teeth removal katy,764
LOC-008,2026-06,teeth whitening,244
LOC-008,2026-06,brightpath dental houston,61
LOC-008,2026-06,brightpath katy,241
LOC-008,2026-07,emergency dentist,2569
LOC-008,2026-07,dentist open saturday,1994
LOC-008,2026-07,brightpath dental houston,1428
LOC-008,2026-07,brightpath dental,1106
LOC-008,2026-07,teeth whitening cost,1206
LOC-008,2026-07,dentist with payment plans,127
LOC-008,2026-07,gum disease treatment,408
LOC-008,2026-07,dental implants cost,509
LOC-008,2026-07,gum disease treatment katy,102
LOC-008,2026-07,dental cleaning,709
LOC-008,2026-07,best dentist near me,715
LOC-008,2026-07,root canal near me,442
LOC-008,2026-07,braces near me,373
LOC-008,2026-07,dentist open sunday katy,242
LOC-008,2026-07,walk in dentist,215
LOC-008,2026-07,gentle dentist,536
LOC-008,2026-07,kids dentist,620
LOC-008,2026-07,brightpath dental katy,352
LOC-008,2026-07,cavity filling,144
LOC-008,2026-07,affordable dentist no insurance,252
LOC-008,2026-07,emergency tooth extraction,185
LOC-008,2026-08,emergency dentist,2011
LOC-008,2026-08,invisalign near me houston,3890
LOC-008,2026-08,brightpath katy,1320
LOC-008,2026-08,teeth whitening cost,1503
LOC-008,2026-08,gentle dentist,2045
LOC-008,2026-08,root canal near me katy,105
LOC-008,2026-08,dental implants cost,202
LOC-008,2026-08,dentist open sunday,751
LOC-008,2026-08,dentist open sunday houston,238
LOC-008,2026-08,dental implants,535
LOC-008,2026-08,emergency tooth extraction,304
LOC-008,2026-08,dentist open sunday katy,291
LOC-008,2026-08,affordable dentist no insurance,508
LOC-008,2026-08,cosmetic dentist,395
LOC-008,2026-08,dentist near me,664
LOC-009,2026-04,orthodontist near me,693
LOC-009,2026-04,brightpath dental sugar land,540
LOC-009,2026-04,brightpath dental,402
LOC-009,2026-04,brightpath sugar land,255
LOC-009,2026-04,walk in dentist houston,254
LOC-009,2026-04,dental cleaning sugar land,57
LOC-009,2026-04,teeth cleaning near me,144
LOC-009,2026-04,dentist open sunday,122
LOC-009,2026-04,dentist with payment plans,183
LOC-009,2026-04,walk in dentist sugar land,156
LOC-009,2026-04,pediatric dentist near me,68
LOC-009,2026-04,dental implants,118
LOC-009,2026-04,affordable dentist no insurance,229
LOC-009,2026-04,gentle dentist,47
LOC-009,2026-04,wisdom teeth removal,114
LOC-009,2026-04,teeth whitening cost,117
LOC-009,2026-04,cavity filling,102
LOC-009,2026-04,brightpath dental houston,127
LOC-009,2026-04,walk in dentist,52
LOC-009,2026-04,invisalign near me,112
LOC-009,2026-05,kids dentist houston,655
LOC-009,2026-05,pediatric dentist near me,800
LOC-009,2026-05,teeth whitening,434
LOC-009,2026-05,dentist open now,343
LOC-009,2026-05,dentist open saturday,394
LOC-009,2026-05,invisalign near me,6
LOC-009,2026-05,tooth extraction,41
LOC-009,2026-05,dentist that takes medicaid houston,141
LOC-009,2026-05,dentist with payment plans,47
LOC-009,2026-05,dentist that takes medicaid,84
LOC-009,2026-05,brightpath dental,137
LOC-009,2026-05,brightpath dental sugar land,137
LOC-009,2026-05,dentist with payment plans houston,130
LOC-009,2026-05,affordable dentist no insurance,23
LOC-009,2026-05,kids dentist,143
LOC-009,2026-05,brightpath dental houston,20
LOC-009,2026-05,dentist with payment plans sugar land,196
LOC-009,2026-05,kids dentist sugar land,231
LOC-009,2026-05,dentist that takes medicaid sugar land,73
LOC-009,2026-05,gum disease treatment,134
LOC-009,2026-06,brightpath dental sugar land,693
LOC-009,2026-06,gum disease treatment sugar land,638
LOC-009,2026-06,dental implants cost houston,324
LOC-009,2026-06,invisalign near me,323
LOC-009,2026-06,pediatric dentist near me,372
LOC-009,2026-06,braces near me,159
LOC-009,2026-06,best dentist near me,160
LOC-009,2026-06,emergency dentist,87
LOC-009,2026-06,dental implants sugar land,129
LOC-009,2026-06,dental implants,7
LOC-009,2026-06,affordable dentist no insurance,107
LOC-009,2026-06,brightpath sugar land,103
LOC-009,2026-06,dentist open sunday,37
LOC-009,2026-06,dental implants cost,153
LOC-009,2026-06,orthodontist near me,164
LOC-009,2026-06,dental cleaning,112
LOC-009,2026-06,root canal near me,10
LOC-009,2026-06,teeth whitening cost,175
LOC-009,2026-06,walk in dentist,135
LOC-009,2026-06,dentist open now,83
LOC-009,2026-07,walk in dentist,594
LOC-009,2026-07,emergency dentist,617
LOC-009,2026-07,invisalign near me,219
LOC-009,2026-07,root canal near me,306
LOC-009,2026-07,brightpath dental sugar land,259
LOC-009,2026-07,teeth whitening cost,184
LOC-009,2026-07,affordable dentist no insurance sugar land,103
LOC-009,2026-07,cosmetic dentist,81
LOC-009,2026-07,dentist with payment plans,87
LOC-009,2026-07,dentist open saturday,94
LOC-009,2026-07,teeth cleaning near me sugar land,69
LOC-009,2026-07,kids dentist,146
LOC-009,2026-07,dentist near me,85
LOC-009,2026-07,gum disease treatment,135
LOC-009,2026-07,brightpath sugar land,100
LOC-009,2026-07,best dentist near me,171
LOC-009,2026-07,wisdom teeth removal,91
LOC-009,2026-07,emergency tooth extraction,81
LOC-009,2026-07,tooth extraction,39
LOC-009,2026-07,dentist near me sugar land,195
LOC-009,2026-07,affordable dentist no insurance houston,158
LOC-009,2026-07,gentle dentist,123
LOC-009,2026-08,brightpath dental houston,888
LOC-009,2026-08,best dentist near me sugar land,476
LOC-009,2026-08,teeth cleaning near me sugar land,428
LOC-009,2026-08,teeth whitening cost,414
LOC-009,2026-08,best dentist near me houston,405
LOC-009,2026-08,brightpath dental sugar land,79
LOC-009,2026-08,teeth cleaning near me,120
LOC-009,2026-08,dentist open saturday,123
LOC-009,2026-08,dental implants sugar land,104
LOC-009,2026-08,brightpath dental,27
LOC-009,2026-08,emergency tooth extraction,33
LOC-009,2026-08,gum disease treatment,212
LOC-009,2026-08,dental implants cost,94
LOC-009,2026-08,pediatric dentist near me,217
LOC-009,2026-08,tooth extraction,17
LOC-009,2026-08,invisalign near me,74
LOC-009,2026-08,emergency dentist,172
LOC-009,2026-08,dentist open sunday,63
LOC-010,2026-04,invisalign near me arcadia,3909
LOC-010,2026-04,invisalign near me phoenix,5210
LOC-010,2026-04,cosmetic dentist arcadia,1582
LOC-010,2026-04,brightpath arcadia,1840
LOC-010,2026-04,walk in dentist,1111
LOC-010,2026-04,emergency tooth extraction,495
LOC-010,2026-04,best dentist near me,614
LOC-010,2026-04,brightpath dental phoenix,1128
LOC-010,2026-04,brightpath dental arcadia,1394
LOC-010,2026-04,root canal near me,372
LOC-010,2026-04,dentist near me arcadia,345
LOC-010,2026-04,dentist open saturday,1108
LOC-010,2026-05,brightpath dental,2992
LOC-010,2026-05,wisdom teeth removal,2074
LOC-010,2026-05,teeth cleaning near me,1221
LOC-010,2026-05,dentist with payment plans,1910
LOC-010,2026-05,affordable dentist no insurance arcadia,1393
LOC-010,2026-05,dentist that takes medicaid,597
LOC-010,2026-05,brightpath dental arcadia,855
LOC-010,2026-05,brightpath dental phoenix,637
LOC-010,2026-05,emergency dentist,550
LOC-010,2026-05,teeth whitening,749
LOC-010,2026-05,root canal near me,727
LOC-010,2026-05,dentist open now,222
LOC-010,2026-05,dentist open sunday,342
LOC-010,2026-05,pediatric dentist near me arcadia,945
LOC-010,2026-05,affordable dentist no insurance phoenix,624
LOC-010,2026-05,gentle dentist,115
LOC-010,2026-05,gum disease treatment arcadia,746
LOC-010,2026-05,emergency tooth extraction,506
LOC-010,2026-05,tooth extraction,653
LOC-010,2026-05,cosmetic dentist,722
LOC-010,2026-05,dentist near me,398
LOC-010,2026-05,best dentist near me,95
LOC-010,2026-06,dentist open now,3042
LOC-010,2026-06,affordable dentist no insurance,1614
LOC-010,2026-06,walk in dentist,1080
LOC-010,2026-06,teeth whitening,1619
LOC-010,2026-06,cavity filling,915
LOC-010,2026-06,brightpath dental arcadia,436
LOC-010,2026-06,gentle dentist,547
LOC-010,2026-06,cosmetic dentist arcadia,262
LOC-010,2026-06,teeth cleaning near me,195
LOC-010,2026-06,brightpath dental,861
LOC-010,2026-06,best dentist near me,847
LOC-010,2026-06,dentist open sunday arcadia,496
LOC-010,2026-06,gum disease treatment,513
LOC-010,2026-06,teeth whitening cost,505
LOC-010,2026-06,brightpath dental phoenix,577
LOC-010,2026-06,emergency tooth extraction arcadia,468
LOC-010,2026-06,emergency tooth extraction,493
LOC-010,2026-06,emergency dentist,112
LOC-010,2026-06,cosmetic dentist,862
LOC-010,2026-06,brightpath arcadia,874
LOC-010,2026-06,dental implants,743
LOC-010,2026-07,gum disease treatment phoenix,3773
LOC-010,2026-07,kids dentist,3977
LOC-010,2026-07,emergency dentist,1407
LOC-010,2026-07,gum disease treatment arcadia,1573
LOC-010,2026-07,brightpath dental phoenix,1035
LOC-010,2026-07,best dentist near me arcadia,294
LOC-010,2026-07,dentist open now,315
LOC-010,2026-07,dentist with payment plans,86
LOC-010,2026-07,brightpath arcadia,135
LOC-010,2026-07,braces near me,742
LOC-010,2026-07,dentist near me arcadia,49
LOC-010,2026-07,root canal near me,591
LOC-010,2026-07,brightpath dental,614
LOC-010,2026-07,dental implants cost,837
LOC-010,2026-08,dental implants,3682
LOC-010,2026-08,gentle dentist,2585
LOC-010,2026-08,dentist with payment plans phoenix,1677
LOC-010,2026-08,gum disease treatment arcadia,1114
LOC-010,2026-08,dentist open saturday arcadia,2152
LOC-010,2026-08,tooth extraction,971
LOC-010,2026-08,brightpath dental phoenix,228
LOC-010,2026-08,kids dentist,971
LOC-010,2026-08,brightpath arcadia,937
LOC-010,2026-08,teeth cleaning near me,670
LOC-010,2026-08,affordable dentist no insurance,859
LOC-010,2026-08,brightpath dental arcadia,678
LOC-011,2026-04,braces near me,2662
LOC-011,2026-04,invisalign near me,1975
LOC-011,2026-04,brightpath dental tempe,1160
LOC-011,2026-04,gum disease treatment tempe,1458
LOC-011,2026-04,emergency dentist,1639
LOC-011,2026-04,walk in dentist,182
LOC-011,2026-04,wisdom teeth removal,46
LOC-011,2026-04,emergency tooth extraction tempe,195
LOC-011,2026-04,brightpath tempe,296
LOC-011,2026-04,root canal near me,545
LOC-011,2026-04,brightpath dental phoenix,492
LOC-011,2026-04,emergency tooth extraction phoenix,416
LOC-011,2026-04,cavity filling,41
LOC-011,2026-04,dental cleaning,657
LOC-011,2026-04,teeth whitening cost,65
LOC-011,2026-04,brightpath dental,160
LOC-011,2026-04,best dentist near me,620
LOC-011,2026-05,kids dentist,1761
LOC-011,2026-05,affordable dentist no insurance,1640
LOC-011,2026-05,invisalign near me,947
LOC-011,2026-05,teeth whitening cost,1278
LOC-011,2026-05,emergency tooth extraction,1443
LOC-011,2026-05,root canal near me tempe,538
LOC-011,2026-05,gum disease treatment,483
LOC-011,2026-05,dentist open now,283
LOC-011,2026-05,orthodontist near me,189
LOC-011,2026-05,brightpath dental phoenix,133
LOC-011,2026-05,dental implants cost,166
LOC-011,2026-05,dentist near me,271
LOC-011,2026-05,gentle dentist,185
LOC-011,2026-05,dental cleaning,286
LOC-011,2026-05,dentist with payment plans,420
LOC-011,2026-05,kids dentist tempe,734
LOC-011,2026-05,teeth whitening,201
LOC-011,2026-05,dental implants,365
LOC-011,2026-05,brightpath dental,533
LOC-011,2026-05,tooth extraction,435
LOC-011,2026-05,brightpath dental tempe,669
LOC-011,2026-06,dentist open saturday tempe,2903
LOC-011,2026-06,brightpath dental,2514
LOC-011,2026-06,dental implants cost,957
LOC-011,2026-06,teeth whitening,685
LOC-011,2026-06,gentle dentist,498
LOC-011,2026-06,emergency tooth extraction,378
LOC-011,2026-06,brightpath tempe,452
LOC-011,2026-06,best dentist near me phoenix,183
LOC-011,2026-06,best dentist near me tempe,283
LOC-011,2026-06,gum disease treatment,154
LOC-011,2026-06,cavity filling,12
LOC-011,2026-06,best dentist near me,269
LOC-011,2026-06,affordable dentist no insurance,483
LOC-011,2026-06,dentist with payment plans,433
LOC-011,2026-06,braces near me,384
LOC-011,2026-06,teeth whitening cost,262
LOC-011,2026-06,walk in dentist,587
LOC-011,2026-06,dentist open saturday phoenix,511
LOC-011,2026-06,wisdom teeth removal tempe,528
LOC-011,2026-06,emergency dentist,127
LOC-011,2026-06,cosmetic dentist,65
LOC-011,2026-06,tooth extraction,616
LOC-011,2026-07,teeth cleaning near me,3338
LOC-011,2026-07,gentle dentist,1600
LOC-011,2026-07,pediatric dentist near me,1587
LOC-011,2026-07,teeth whitening cost tempe,860
LOC-011,2026-07,brightpath dental tempe,1411
LOC-011,2026-07,root canal near me tempe,138
LOC-011,2026-07,dental implants cost,85
LOC-011,2026-07,brightpath dental,415
LOC-011,2026-07,cavity filling,786
LOC-011,2026-07,kids dentist,384
LOC-011,2026-07,brightpath dental phoenix,550
LOC-011,2026-07,dentist open sunday phoenix,721
LOC-011,2026-07,wisdom teeth removal,294
LOC-011,2026-08,brightpath tempe,1259
LOC-011,2026-08,teeth cleaning near me,2218
LOC-011,2026-08,dentist open now,1300
LOC-011,2026-08,dental implants,990
LOC-011,2026-08,dentist open saturday,1099
LOC-011,2026-08,teeth cleaning near me tempe,659
LOC-011,2026-08,emergency tooth extraction,419
LOC-011,2026-08,dental cleaning,285
LOC-011,2026-08,cavity filling,531
LOC-011,2026-08,dentist that takes medicaid,572
LOC-011,2026-08,dentist with payment plans,198
LOC-011,2026-08,orthodontist near me,24
LOC-011,2026-08,cosmetic dentist,409
LOC-011,2026-08,pediatric dentist near me,175
LOC-011,2026-08,brightpath dental tempe,530
LOC-011,2026-08,kids dentist,247
LOC-011,2026-08,teeth cleaning near me phoenix,340
LOC-011,2026-08,brightpath dental,138
LOC-011,2026-08,teeth whitening cost,257
LOC-011,2026-08,brightpath dental phoenix,412
LOC-011,2026-08,dentist near me tempe,532
LOC-012,2026-07,dental cleaning,515
LOC-012,2026-07,brightpath chandler,506
LOC-012,2026-07,root canal near me,209
LOC-012,2026-07,cosmetic dentist,226
LOC-012,2026-07,dentist open sunday chandler,156
LOC-012,2026-07,brightpath dental chandler,100
LOC-012,2026-07,brightpath dental phoenix,135
LOC-012,2026-08,brightpath dental,528
LOC-012,2026-08,brightpath dental chandler,305
LOC-012,2026-08,pediatric dentist near me,253
LOC-012,2026-08,dentist open sunday chandler,251
LOC-012,2026-08,walk in dentist phoenix,283
LOC-012,2026-08,gum disease treatment,27
LOC-012,2026-08,dentist open now,192
LOC-012,2026-08,brightpath chandler,74
