review_id,reply_text,replied_at
REV-00001,So grateful for patients like you. See you at your next appointment!,2026-07-27
REV-00002,We're honored to be your dental home. Thanks for the review!,2025-10-27
REV-00003,Your review means the world to us. Thank you!,2025-10-20
REV-00004,Thank you for choosing us! We're glad you had a great experience.,2026-06-10
REV-00005,Thanks for choosing our practice. Your satisfaction is our priority!,2026-04-06
REV-00006,We're grateful for patients who appreciate excellence!,2025-10-20
REV-00007,Thanks for choosing our practice. Your satisfaction is our priority!,2026-04-27
REV-00008,Thank you for the wonderful feedback. We're committed to excellent care!,2026-07-16
REV-00009,Your kind words motivate our entire team. Thank you for being a valued patient!,2026-08-09
REV-00010,We appreciate your kind words and look forward to seeing you again.,2026-01-23
REV-00011,Thanks for your kind review and your loyalty.,2026-08-11
REV-00012,So grateful for patients like you. See you at your next appointment!,2026-04-27
REV-00013,Thanks for choosing our practice. Your satisfaction is our priority!,2025-09-21
REV-00014,So pleased we could serve you well. See you soon!,2026-09-04
REV-00015,We look forward to continuing to care for your smile!,2025-11-15
REV-00016,Thank you for choosing us! We're glad you had a great experience.,2026-03-07
REV-00017,Your feedback means so much to us. Thanks for trusting us with your care!,2025-09-27
REV-00018,Thank you for being part of our Brightpath family!,2026-07-04
REV-00019,We're thrilled you had a positive experience. Your smile is important to us!,2025-09-10
REV-00020,We appreciate your trust and confidence in our team.,2026-07-30
REV-00021,Thank you for trusting us with your dental care.,2026-09-08
REV-00022,We love hearing from happy patients! Thanks for your review.,2026-07-21
REV-00023,Thank you for the wonderful feedback. We're committed to excellent care!,2025-11-23
REV-00024,Thank you for choosing quality dental care.,2026-03-06
REV-00025,We're honored to be your dental home. Thanks for the review!,2025-10-13
REV-00026,We look forward to continuing to care for your smile!,2026-08-08
REV-00027,Appreciate your feedback and loyalty!,2025-12-22
REV-00028,We're grateful for patients who appreciate excellence!,2026-08-13
REV-00029,Your review means the world to us. Thank you!,2025-12-28
REV-00030,We're so glad we could help. Looking forward to your next visit!,2025-12-24
REV-00032,We appreciate your trust and confidence in our team.,2026-09-08
REV-00033,Your kind words motivate our entire team. Thank you for being a valued patient!,2026-03-29
REV-00034,We look forward to continuing to care for your smile!,2026-03-31
REV-00035,We appreciate your business and your kind review!,2026-02-25
REV-00036,We look forward to continuing to care for your smile!,2026-06-06
REV-00037,Thank you for being a valued member of our practice.,2025-10-10
REV-00038,We appreciate you taking the time to review us. Thank you for your trust!,2026-01-04
REV-00039,Your feedback means so much to us. Thanks for trusting us with your care!,2025-11-25
REV-00040,Thank you for choosing us! We're glad you had a great experience.,2026-08-26
REV-00041,Appreciate your feedback and loyalty!,2026-02-01
REV-00042,Your positive review brightens our day. Thanks!,2026-02-10
REV-00043,We appreciate you taking the time to review us. Thank you for your trust!,2026-05-22
REV-00044,Your kind words motivate our entire team. Thank you for being a valued patient!,2026-08-13
REV-00045,Thank you for being part of our Brightpath family!,2026-07-03
REV-00047,We appreciate your business and your kind review!,2026-03-23
REV-00048,Thank you for choosing us! We're glad you had a great experience.,2026-04-26
REV-00050,We're honored to be your dental home. Thanks for the review!,2025-11-24
REV-00051,We appreciate your trust and confidence in our team.,2026-02-05
REV-00052,Your review means the world to us. Thank you!,2025-10-27
REV-00053,Your feedback helps us continue improving. Thank you!,2025-12-20
REV-00055,Thank you for choosing us! We're glad you had a great experience.,2026-01-22
REV-00056,Thank you for trusting us with your dental care.,2026-04-19
REV-00057,Thank you for the wonderful feedback. We're committed to excellent care!,2026-08-21
REV-00058,Your feedback means so much to us. Thanks for trusting us with your care!,2026-06-14
REV-00060,Thank you for choosing quality dental care.,2026-03-03
REV-00061,Thrilled to hear about your great experience!,2025-12-02
REV-00062,We love hearing from happy patients! Thanks for your review.,2026-04-02
REV-00063,Thank you for the wonderful feedback. We're committed to excellent care!,2026-08-29
REV-00064,We appreciate your kind words and look forward to seeing you again.,2026-04-28
REV-00066,Your kind words motivate our entire team. Thank you for being a valued patient!,2026-05-23
REV-00067,Thanks for your kind review and your loyalty.,2026-06-26
REV-00068,Thank you! We strive to provide the best dental care in the community.,2026-02-28
REV-00069,Thrilled to hear about your great experience!,2026-06-25
REV-00070,Thank you for trusting us with your dental care.,2026-06-04
REV-00071,Thanks for sharing your feedback. We can't wait to see you at your next appointment.,2026-08-10
REV-00073,Thank you for being part of our Brightpath family!,2026-06-14
REV-00074,Your feedback means so much to us. Thanks for trusting us with your care!,2026-02-03
REV-00075,We're so glad we could help. Looking forward to your next visit!,2026-04-13
REV-00078,We're committed to providing excellent care. Thanks for noticing!,2025-12-29
REV-00082,Your feedback motivates us to keep raising the bar.,2026-08-26
REV-00083,Your feedback motivates us to keep raising the bar.,2026-04-26
REV-00084,We love hearing from happy patients! Thanks for your review.,2026-04-17
REV-00085,Thanks for choosing our practice. Your satisfaction is our priority!,2026-05-05
REV-00086,We're honored to be your dental home. Thanks for the review!,2026-07-22
REV-00087,Your positive review brightens our day. Thanks!,2026-02-20
REV-00089,Your review means the world to us. Thank you!,2026-02-19
REV-00090,We're thrilled you had a positive experience. Your smile is important to us!,2026-06-28
REV-00091,So grateful for patients like you. See you at your next appointment!,2026-05-06
REV-00092,Your feedback motivates us to keep raising the bar.,2026-06-11
REV-00093,Your feedback motivates us to keep raising the bar.,2026-04-16
REV-00094,Thanks for choosing our practice. Your satisfaction is our priority!,2025-11-06
REV-00095,Thank you! We strive to provide the best dental care in the community.,2025-09-18
REV-00096,We're grateful for patients who appreciate excellence!,2026-01-13
REV-00098,We appreciate you taking the time to review us. Thank you for your trust!,2026-06-08
REV-00099,We appreciate your business and your kind review!,2025-09-17
REV-00100,We appreciate you taking the time to review us. Thank you for your trust!,2025-11-22
REV-00101,Thank you! We strive to provide the best dental care in the community.,2026-01-14
REV-00102,Appreciate your feedback and loyalty!,2025-10-27
REV-00103,We're thrilled you had a positive experience. Your smile is important to us!,2026-07-05
REV-00104,Thank you for being part of our Brightpath family!,2026-02-05
REV-00105,We appreciate your kind words and look forward to seeing you again.,2026-06-04
REV-00107,Thank you for trusting us with your dental care.,2026-04-28
REV-00108,Your feedback motivates us to keep raising the bar.,2026-07-15
REV-00109,We're so glad we could help. Looking forward to your next visit!,2026-02-17
REV-00110,Your feedback means so much to us. Thanks for trusting us with your care!,2026-04-28
REV-00111,So grateful for patients like you. See you at your next appointment!,2025-12-06
REV-00112,Your feedback motivates us to keep raising the bar.,2026-08-30
REV-00113,So pleased we could serve you well. See you soon!,2026-01-04
REV-00115,Your feedback means so much to us. Thanks for trusting us with your care!,2026-03-28
REV-00117,Thanks for sharing your feedback. We can't wait to see you at your next appointment.,2026-01-20
REV-00118,Thank you for trusting us with your dental care.,2025-11-05
REV-00119,Thanks for your kind review and your loyalty.,2026-05-08
REV-00120,We're grateful for patients who appreciate excellence!,2025-12-29
REV-00121,We look forward to continuing to care for your smile!,2025-09-28
REV-00122,Your feedback means so much to us. Thanks for trusting us with your care!,2026-05-12
REV-00123,We appreciate your business and your kind review!,2026-04-16
REV-00124,Thank you for choosing us! We're glad you had a great experience.,2025-10-07
REV-00125,We're grateful for patients who appreciate excellence!,2026-06-20
REV-00126,Thank you! We strive to provide the best dental care in the community.,2026-04-05
REV-00127,We're so glad we could help. Looking forward to your next visit!,2026-02-04
REV-00128,We love hearing from happy patients! Thanks for your review.,2026-07-11
REV-00130,We're committed to providing excellent care. Thanks for noticing!,2026-06-14
REV-00132,We appreciate your trust and confidence in our team.,2026-01-25
REV-00134,Your positive review brightens our day. Thanks!,2025-12-27
REV-00135,We appreciate you taking the time to review us. Thank you for your trust!,2026-02-08
REV-00138,Thanks for choosing our practice. Your satisfaction is our priority!,2025-12-28
REV-00139,Thank you for the wonderful feedback. We're committed to excellent care!,2026-06-24
REV-00141,Your review means the world to us. Thank you!,2026-05-11
REV-00142,Your feedback helps us continue improving. Thank you!,2026-08-14
REV-00143,We look forward to continuing to care for your smile!,2026-05-15
REV-00144,Thank you! We strive to provide the best dental care in the community.,2026-02-12
REV-00146,Thanks for sharing your feedback. We can't wait to see you at your next appointment.,2026-03-08
REV-00147,Appreciate your feedback and loyalty!,2026-06-11
REV-00148,Your feedback motivates us to keep raising the bar.,2026-07-23
REV-00149,We're committed to providing excellent care. Thanks for noticing!,2025-09-12
REV-00150,Your feedback means so much to us. Thanks for trusting us with your care!,2025-11-01
REV-00151,Your feedback means so much to us. Thanks for trusting us with your care!,2026-08-29
REV-00152,Thank you! We strive to provide the best dental care in the community.,2025-11-18
REV-00153,We're committed to providing excellent care. Thanks for noticing!,2026-04-02
REV-00154,So pleased we could serve you well. See you soon!,2026-06-25
REV-00155,We appreciate you taking the time to review us. Thank you for your trust!,2026-02-28
REV-00156,Appreciate your feedback and loyalty!,2026-01-05
REV-00157,Your feedback motivates us to keep raising the bar.,2026-05-03
REV-00158,Thanks for choosing our practice. Your satisfaction is our priority!,2025-11-05
REV-00161,Thank you for choosing us! We're glad you had a great experience.,2026-02-20
REV-00163,We're so glad we could help. Looking forward to your next visit!,2026-07-25
REV-00164,Thank you for the wonderful feedback. We're committed to excellent care!,2026-02-04
REV-00165,So pleased we could serve you well. See you soon!,2026-03-07
REV-00166,We appreciate your kind words and look forward to seeing you again.,2026-06-21
REV-00167,Thank you for being a valued member of our practice.,2026-07-12
REV-00168,We appreciate your business and your kind review!,2025-12-31
REV-00169,Your kind words motivate our entire team. Thank you for being a valued patient!,2026-05-01
REV-00170,We appreciate you taking the time to review us. Thank you for your trust!,2026-07-02
REV-00171,We look forward to continuing to care for your smile!,2026-03-20
REV-00172,We're thrilled you had a positive experience. Your smile is important to us!,2026-03-07
REV-00174,So grateful for patients like you. See you at your next appointment!,2025-12-29
REV-00176,Your kind words motivate our entire team. Thank you for being a valued patient!,2025-09-25
REV-00177,We're honored to be your dental home. Thanks for the review!,2026-02-01
REV-00178,We look forward to continuing to care for your smile!,2026-06-08
REV-00179,We look forward to continuing to care for your smile!,2026-01-13
REV-00180,We appreciate you taking the time to review us. Thank you for your trust!,2025-11-01
REV-00181,Your feedback helps us continue improving. Thank you!,2026-09-07
REV-00182,Thank you for choosing us! We're glad you had a great experience.,2026-03-24
REV-00183,Thank you for being part of our Brightpath family!,2026-08-12
REV-00184,We love hearing from happy patients! Thanks for your review.,2026-05-02
REV-00185,Thanks for sharing your feedback. We can't wait to see you at your next appointment.,2026-08-28
REV-00186,Thank you for the wonderful feedback. We're committed to excellent care!,2026-02-05
REV-00187,We appreciate your trust and confidence in our team.,2025-11-11
REV-00188,Thrilled to hear about your great experience!,2026-09-12
REV-00189,We're so glad we could help. Looking forward to your next visit!,2026-01-23
REV-00190,We're committed to providing excellent care. Thanks for noticing!,2026-03-07
REV-00191,Thank you! We strive to provide the best dental care in the community.,2026-01-21
REV-00192,Thank you! We strive to provide the best dental care in the community.,2025-12-19
REV-00193,Thank you for choosing quality dental care.,2025-11-07
REV-00194,Thank you for trusting us with your dental care.,2026-06-29
REV-00195,So grateful for patients like you. See you at your next appointment!,2026-07-05
REV-00196,Your feedback helps us continue improving. Thank you!,2025-11-30
REV-00197,We appreciate you taking the time to review us. Thank you for your trust!,2026-01-01
REV-00198,Thank you for choosing quality dental care.,2025-11-08
REV-00199,Thank you for being a valued member of our practice.,2026-03-09
REV-00200,Thank you for choosing us! We're glad you had a great experience.,2026-07-15
REV-00202,Thank you! We strive to provide the best dental care in the community.,2026-09-01
REV-00205,Thanks for sharing your feedback. We can't wait to see you at your next appointment.,2026-06-11
REV-00206,We're grateful for patients who appreciate excellence!,2026-04-03
REV-00207,Appreciate your feedback and loyalty!,2026-04-08
REV-00208,We appreciate you taking the time to review us. Thank you for your trust!,2025-10-07
REV-00209,Thank you for choosing quality dental care.,2026-03-11
REV-00210,We're thrilled you had a positive experience. Your smile is important to us!,2026-08-13
REV-00211,We're so glad we could help. Looking forward to your next visit!,2026-02-09
REV-00212,Thanks for your kind review and your loyalty.,2025-12-26
REV-00213,We love hearing from happy patients! Thanks for your review.,2026-01-24
REV-00214,Your feedback helps us continue improving. Thank you!,2026-08-26
REV-00215,We're grateful for patients who appreciate excellence!,2026-02-10
REV-00216,We appreciate you taking the time to review us. Thank you for your trust!,2026-08-08
REV-00219,Thank you! We strive to provide the best dental care in the community.,2025-10-19
REV-00222,Thanks for your kind review and your loyalty.,2025-09-09
REV-00224,Your feedback helps us continue improving. Thank you!,2026-06-21
REV-00226,Your positive review brightens our day. Thanks!,2026-09-05
REV-00227,Your feedback helps us continue improving. Thank you!,2026-07-21
REV-00228,Thanks for choosing our practice. Your satisfaction is our priority!,2026-07-05
REV-00231,Thanks for your kind review and your loyalty.,2026-01-03
REV-00232,Your feedback helps us continue improving. Thank you!,2025-12-08
REV-00233,Thanks for choosing our practice. Your satisfaction is our priority!,2026-08-23
REV-00234,Thanks for sharing your feedback. We can't wait to see you at your next appointment.,2026-07-25
REV-00236,Thanks for choosing our practice. Your satisfaction is our priority!,2026-07-07
REV-00237,So pleased we could serve you well. See you soon!,2025-12-11
REV-00238,Thrilled to hear about your great experience!,2026-02-28
REV-00239,We appreciate your business and your kind review!,2026-09-02
REV-00242,Thank you for being a valued member of our practice.,2026-02-14
REV-00243,Appreciate your feedback and loyalty!,2026-06-19
REV-00244,Your positive review brightens our day. Thanks!,2026-03-11
REV-00245,Thank you! We strive to provide the best dental care in the community.,2025-12-30
REV-00254,We appreciate you taking the time to review us. Thank you for your trust!,2026-04-18
REV-00255,Thank you for trusting us with your dental care.,2025-10-05
REV-00256,Your feedback helps us continue improving. Thank you!,2025-09-21
REV-00257,Thanks for sharing your feedback. We can't wait to see you at your next appointment.,2026-02-01
REV-00260,Thank you for the wonderful feedback. We're committed to excellent care!,2026-01-05
REV-00261,Thank you for choosing us! We're glad you had a great experience.,2026-06-10
REV-00263,We appreciate your kind words and look forward to seeing you again.,2026-06-04
REV-00266,Your feedback means so much to us. Thanks for trusting us with your care!,2026-07-31
REV-00267,We appreciate your trust and confidence in our team.,2026-04-30
REV-00268,Thrilled to hear about your great experience!,2026-02-12
REV-00269,Appreciate your feedback and loyalty!,2026-03-06
REV-00271,So grateful for patients like you. See you at your next appointment!,2026-05-28
REV-00272,Thank you for trusting us with your dental care.,2026-02-05
REV-00275,Thanks for your kind review and your loyalty.,2026-05-27
REV-00277,We look forward to continuing to care for your smile!,2026-03-20
REV-00278,We appreciate your business and your kind review!,2026-04-20
REV-00281,We appreciate you taking the time to review us. Thank you for your trust!,2026-07-15
REV-00286,We're so glad we could help. Looking forward to your next visit!,2026-02-10
REV-00288,Thanks for your kind review and your loyalty.,2026-06-14
REV-00289,We appreciate your business and your kind review!,2026-05-30
REV-00292,We're grateful for patients who appreciate excellence!,2025-12-02
REV-00293,Thank you! We strive to provide the best dental care in the community.,2026-08-07
REV-00294,Thrilled to hear about your great experience!,2026-07-31
REV-00301,So pleased we could serve you well. See you soon!,2026-05-21
REV-00302,We appreciate your business and your kind review!,2026-01-08
REV-00304,We're so glad we could help. Looking forward to your next visit!,2026-03-11
REV-00307,So pleased we could serve you well. See you soon!,2026-03-12
REV-00311,We appreciate your kind words and look forward to seeing you again.,2026-02-24
REV-00312,We love hearing from happy patients! Thanks for your review.,2026-06-29
REV-00314,We appreciate your business and your kind review!,2025-11-21
REV-00315,Thrilled to hear about your great experience!,2026-09-16
REV-00319,We're committed to providing excellent care. Thanks for noticing!,2026-05-11
REV-00320,Thank you! We strive to provide the best dental care in the community.,2026-03-30
REV-00322,So grateful for patients like you. See you at your next appointment!,2026-08-29
REV-00325,We appreciate you taking the time to review us. Thank you for your trust!,2026-08-08
REV-00326,Thanks for sharing your feedback. We can't wait to see you at your next appointment.,2026-08-04
REV-00330,Thank you for choosing quality dental care.,2026-05-05
REV-00331,Your kind words motivate our entire team. Thank you for being a valued patient!,2026-09-07
REV-00332,Thanks for sharing your feedback. We can't wait to see you at your next appointment.,2026-05-29
REV-00333,So pleased we could serve you well. See you soon!,2026-01-13
REV-00335,We're grateful for patients who appreciate excellence!,2025-10-06
REV-00337,We're thrilled you had a positive experience. Your smile is important to us!,2025-11-24
REV-00338,We're honored to be your dental home. Thanks for the review!,2026-08-15
REV-00339,We're so glad we could help. Looking forward to your next visit!,2026-04-25
REV-00340,We're committed to providing excellent care. Thanks for noticing!,2026-06-26
REV-00341,We appreciate you taking the time to review us. Thank you for your trust!,2026-08-23
REV-00342,Thanks for sharing your feedback. We can't wait to see you at your next appointment.,2025-11-15
REV-00346,We're committed to providing excellent care. Thanks for noticing!,2026-03-18
REV-00347,Your kind words motivate our entire team. Thank you for being a valued patient!,2025-11-10
REV-00348,Thank you for being part of our Brightpath family!,2026-08-16
REV-00349,Appreciate your feedback and loyalty!,2026-03-02
REV-00350,Thank you for choosing quality dental care.,2025-09-15
REV-00353,Your kind words motivate our entire team. Thank you for being a valued patient!,2026-09-15
REV-00356,Thanks for sharing your feedback. We can't wait to see you at your next appointment.,2026-06-02
REV-00358,Your review means the world to us. Thank you!,2026-05-03
REV-00361,We're grateful for patients who appreciate excellence!,2026-08-19
REV-00364,Thanks for sharing your feedback. We can't wait to see you at your next appointment.,2026-01-29
REV-00365,Thanks for sharing your feedback. We can't wait to see you at your next appointment.,2025-10-26
REV-00366,We're thrilled you had a positive experience. Your smile is important to us!,2026-06-24
REV-00369,Thanks for sharing your feedback. We can't wait to see you at your next appointment.,2026-05-15
REV-00372,Your positive review brightens our day. Thanks!,2025-10-06
REV-00373,Thank you for being part of our Brightpath family!,2025-09-17
REV-00374,Thank you for trusting us with your dental care.,2025-12-07
REV-00375,Thank you for being part of our Brightpath family!,2026-01-13
REV-00377,We're honored to be your dental home. Thanks for the review!,2025-09-23
REV-00381,We love hearing from happy patients! Thanks for your review.,2025-12-23
REV-00383,We're so glad we could help. Looking forward to your next visit!,2025-10-20
REV-00385,Thank you for choosing us! We're glad you had a great experience.,2026-01-03
REV-00387,Thank you for choosing quality dental care.,2026-07-29
REV-00393,We appreciate your trust and confidence in our team.,2026-04-13
REV-00395,Your feedback motivates us to keep raising the bar.,2026-07-23
REV-00396,Thanks for choosing our practice. Your satisfaction is our priority!,2025-11-15
REV-00398,Thanks for choosing our practice. Your satisfaction is our priority!,2025-11-06
REV-00399,We appreciate you taking the time to review us. Thank you for your trust!,2026-06-14
REV-00401,Thanks for your kind review and your loyalty.,2026-09-07
REV-00402,Thank you for choosing quality dental care.,2026-04-03
REV-00406,Thank you for choosing quality dental care.,2026-08-26
REV-00407,Your feedback helps us continue improving. Thank you!,2026-08-29
REV-00409,We appreciate your kind words and look forward to seeing you again.,2026-03-04
REV-00413,Thank you for being part of our Brightpath family!,2025-09-11
REV-00416,Thank you for trusting us with your dental care.,2026-07-03
REV-00418,We're honored to be your dental home. Thanks for the review!,2026-03-17
REV-00425,We appreciate you taking the time to review us. Thank you for your trust!,2026-01-02
REV-00428,Thank you for choosing us! We're glad you had a great experience.,2025-10-15
REV-00431,We're thrilled you had a positive experience. Your smile is important to us!,2026-05-23
REV-00480,Thank you for choosing us! We're glad you had a great experience.,2026-04-10
REV-00495,We love hearing from happy patients! Thanks for your review.,2026-09-12
REV-00524,Your positive review brightens our day. Thanks!,2025-11-03
REV-00529,We love hearing from happy patients! Thanks for your review.,2026-03-20
REV-00543,We look forward to continuing to care for your smile!,2026-03-04
REV-00564,We love hearing from happy patients! Thanks for your review.,2026-08-25
REV-00565,Thanks for your kind review and your loyalty.,2026-05-06
REV-00569,Thanks for choosing our practice. Your satisfaction is our priority!,2026-04-17
REV-00586,So grateful for patients like you. See you at your next appointment!,2026-04-05
REV-00599,Your feedback motivates us to keep raising the bar.,2026-08-10
REV-00601,Thank you! We strive to provide the best dental care in the community.,2026-06-13
REV-00602,Thank you for trusting us with your dental care.,2026-08-30
REV-00603,Thrilled to hear about your great experience!,2026-04-19
REV-00604,Thank you for being a valued member of our practice.,2026-03-16
REV-00605,We appreciate your trust and confidence in our team.,2026-06-28
REV-00606,We're grateful for patients who appreciate excellence!,2025-11-21
REV-00607,We're so glad we could help. Looking forward to your next visit!,2026-06-24
REV-00608,Your feedback means so much to us. Thanks for trusting us with your care!,2025-12-07
REV-00609,Your positive review brightens our day. Thanks!,2025-10-20
REV-00610,We're grateful for patients who appreciate excellence!,2026-01-30
REV-00611,Your review means the world to us. Thank you!,2025-10-30
REV-00612,We're committed to providing excellent care. Thanks for noticing!,2026-02-13
REV-00613,We appreciate you taking the time to review us. Thank you for your trust!,2026-09-07
REV-00614,So pleased we could serve you well. See you soon!,2026-02-01
REV-00615,We appreciate your trust and confidence in our team.,2025-10-21
REV-00616,Thank you for being a valued member of our practice.,2026-07-23
REV-00617,Thank you for being part of our Brightpath family!,2026-04-12
REV-00618,Thank you! We strive to provide the best dental care in the community.,2026-09-06
REV-00619,Thank you for choosing quality dental care.,2026-01-08
REV-00620,Thank you for being part of our Brightpath family!,2026-07-22
REV-00621,We appreciate your business and your kind review!,2026-06-02
REV-00622,Thanks for your kind review and your loyalty.,2025-10-28
REV-00623,We're honored to be your dental home. Thanks for the review!,2026-03-25
REV-00624,Thank you for being part of our Brightpath family!,2025-12-23
REV-00625,Thanks for choosing our practice. Your satisfaction is our priority!,2026-02-03
REV-00626,Your feedback motivates us to keep raising the bar.,2025-11-06
REV-00627,We love hearing from happy patients! Thanks for your review.,2025-12-18
REV-00628,Your feedback motivates us to keep raising the bar.,2025-11-14
REV-00629,We're thrilled you had a positive experience. Your smile is important to us!,2025-12-03
REV-00630,Thank you! We strive to provide the best dental care in the community.,2026-06-11
REV-00631,We appreciate your kind words and look forward to seeing you again.,2026-06-26
REV-00632,Thank you for choosing us! We're glad you had a great experience.,2026-01-01
REV-00633,We're grateful for patients who appreciate excellence!,2026-02-18
REV-00634,Your review means the world to us. Thank you!,2025-11-28
REV-00635,Thanks for your kind review and your loyalty.,2026-01-21
REV-00636,Thank you for being part of our Brightpath family!,2026-04-20
REV-00637,We're grateful for patients who appreciate excellence!,2026-07-31
REV-00638,So grateful for patients like you. See you at your next appointment!,2026-07-20
REV-00639,Your review means the world to us. Thank you!,2025-09-19
REV-00640,Thank you for trusting us with your dental care.,2026-06-09
REV-00641,We're committed to providing excellent care. Thanks for noticing!,2026-07-01
REV-00642,Your feedback helps us continue improving. Thank you!,2025-10-19
REV-00643,Thank you for choosing quality dental care.,2026-04-19
REV-00644,We appreciate you taking the time to review us. Thank you for your trust!,2026-05-09
REV-00645,We appreciate your business and your kind review!,2025-12-18
REV-00646,We're grateful for patients who appreciate excellence!,2025-09-24
REV-00647,Thank you for trusting us with your dental care.,2026-01-20
REV-00648,Thank you for choosing quality dental care.,2026-03-15
REV-00649,Thanks for choosing our practice. Your satisfaction is our priority!,2025-12-25
REV-00651,We appreciate your trust and confidence in our team.,2025-10-13
REV-00652,Thank you for choosing quality dental care.,2026-03-06
REV-00653,We're so glad we could help. Looking forward to your next visit!,2026-02-18
REV-00654,We appreciate your kind words and look forward to seeing you again.,2026-07-30
REV-00655,We're committed to providing excellent care. Thanks for noticing!,2026-06-22
REV-00656,Thank you for the wonderful feedback. We're committed to excellent care!,2025-11-17
REV-00657,Thank you for choosing us! We're glad you had a great experience.,2026-06-17
REV-00658,Thrilled to hear about your great experience!,2026-05-01
REV-00659,Appreciate your feedback and loyalty!,2025-11-14
REV-00660,So pleased we could serve you well. See you soon!,2026-09-08
REV-00661,Appreciate your feedback and loyalty!,2025-11-08
REV-00662,Thrilled to hear about your great experience!,2026-04-05
REV-00663,Your feedback helps us continue improving. Thank you!,2026-07-06
REV-00664,We're thrilled you had a positive experience. Your smile is important to us!,2025-11-09
REV-00665,Thank you for choosing quality dental care.,2026-04-10
REV-00666,Thanks for choosing our practice. Your satisfaction is our priority!,2026-05-07
REV-00667,We're grateful for patients who appreciate excellence!,2026-01-11
REV-00668,Your feedback means so much to us. Thanks for trusting us with your care!,2026-06-07
REV-00669,Your feedback helps us continue improving. Thank you!,2026-05-27
REV-00670,Thank you for being part of our Brightpath family!,2026-08-22
REV-00671,Your feedback motivates us to keep raising the bar.,2026-08-01
REV-00672,Your feedback means so much to us. Thanks for trusting us with your care!,2026-07-12
REV-00673,Thanks for sharing your feedback. We can't wait to see you at your next appointment.,2026-06-15
REV-00674,Thanks for choosing our practice. Your satisfaction is our priority!,2026-06-25
REV-00675,Thank you for the wonderful feedback. We're committed to excellent care!,2026-08-26
REV-00676,Thank you for trusting us with your dental care.,2026-02-23
REV-00677,Your feedback means so much to us. Thanks for trusting us with your care!,2025-09-06
REV-00678,We appreciate you taking the time to review us. Thank you for your trust!,2025-10-19
REV-00679,We look forward to continuing to care for your smile!,2025-09-23
REV-00680,We love hearing from happy patients! Thanks for your review.,2025-11-30
REV-00681,Thrilled to hear about your great experience!,2026-05-26
REV-00682,Your kind words motivate our entire team. Thank you for being a valued patient!,2025-12-31
REV-00683,We appreciate your business and your kind review!,2025-11-22
REV-00684,Thank you! We strive to provide the best dental care in the community.,2026-03-30
REV-00685,Your review means the world to us. Thank you!,2026-09-09
REV-00686,We're so glad we could help. Looking forward to your next visit!,2025-12-11
REV-00687,We look forward to continuing to care for your smile!,2026-05-19
REV-00689,Appreciate your feedback and loyalty!,2026-03-16
REV-00690,We appreciate your trust and confidence in our team.,2026-04-26
REV-00691,We appreciate your kind words and look forward to seeing you again.,2025-10-06
REV-00693,Thrilled to hear about your great experience!,2025-10-21
REV-00694,Thank you for choosing us! We're glad you had a great experience.,2026-02-09
REV-00695,We're so glad we could help. Looking forward to your next visit!,2025-12-13
REV-00696,Thank you for the wonderful feedback. We're committed to excellent care!,2025-12-15
REV-00697,We appreciate your kind words and look forward to seeing you again.,2026-08-14
REV-00698,So grateful for patients like you. See you at your next appointment!,2026-05-08
REV-00699,So grateful for patients like you. See you at your next appointment!,2026-05-22
REV-00700,We appreciate you taking the time to review us. Thank you for your trust!,2026-04-06
REV-00701,Your feedback helps us continue improving. Thank you!,2025-12-02
REV-00702,Thank you for the wonderful feedback. We're committed to excellent care!,2026-08-22
REV-00703,We're grateful for patients who appreciate excellence!,2026-07-13
REV-00704,Thrilled to hear about your great experience!,2026-01-19
REV-00705,Thank you for being a valued member of our practice.,2025-12-19
REV-00706,Thrilled to hear about your great experience!,2025-12-03
REV-00707,We look forward to continuing to care for your smile!,2026-04-13
REV-00708,Thank you for being a valued member of our practice.,2025-09-07
REV-00709,Thrilled to hear about your great experience!,2026-02-12
REV-00710,Appreciate your feedback and loyalty!,2026-03-24
REV-00711,We're grateful for patients who appreciate excellence!,2026-05-05
REV-00712,We love hearing from happy patients! Thanks for your review.,2026-03-07
REV-00713,Thank you for being part of our Brightpath family!,2026-03-02
REV-00714,Thanks for sharing your feedback. We can't wait to see you at your next appointment.,2026-08-01
REV-00716,We're thrilled you had a positive experience. Your smile is important to us!,2026-04-27
REV-00717,Thank you for being a valued member of our practice.,2026-02-22
REV-00718,Your feedback means so much to us. Thanks for trusting us with your care!,2025-12-28
REV-00720,We appreciate your business and your kind review!,2025-11-06
REV-00721,Your positive review brightens our day. Thanks!,2025-10-24
REV-00722,So pleased we could serve you well. See you soon!,2026-03-25
REV-00723,Thank you for being a valued member of our practice.,2025-11-22
REV-00724,Thank you! We strive to provide the best dental care in the community.,2026-01-25
REV-00725,We appreciate your business and your kind review!,2025-09-18
REV-00726,We love hearing from happy patients! Thanks for your review.,2026-01-19
REV-00727,Thank you for choosing us! We're glad you had a great experience.,2026-07-05
REV-00728,Thank you for trusting us with your dental care.,2026-05-07
REV-00729,We appreciate you taking the time to review us. Thank you for your trust!,2026-04-03
REV-00730,Thanks for your kind review and your loyalty.,2025-11-12
REV-00731,Appreciate your feedback and loyalty!,2026-05-06
REV-00732,We love hearing from happy patients! Thanks for your review.,2026-03-12
REV-00733,We're so glad we could help. Looking forward to your next visit!,2026-07-30
REV-00734,Your kind words motivate our entire team. Thank you for being a valued patient!,2026-07-19
REV-00735,Your feedback motivates us to keep raising the bar.,2025-12-07
REV-00736,Your kind words motivate our entire team. Thank you for being a valued patient!,2026-07-25
REV-00737,Thanks for sharing your feedback. We can't wait to see you at your next appointment.,2025-09-11
REV-00738,Thank you for being part of our Brightpath family!,2025-11-06
REV-00739,Your review means the world to us. Thank you!,2025-09-11
REV-00740,We're so glad we could help. Looking forward to your next visit!,2026-04-29
REV-00742,Appreciate your feedback and loyalty!,2025-12-10
REV-00743,Your kind words motivate our entire team. Thank you for being a valued patient!,2026-09-04
REV-00744,We're honored to be your dental home. Thanks for the review!,2025-10-20
REV-00745,Your feedback means so much to us. Thanks for trusting us with your care!,2026-02-10
REV-00746,Thank you for being part of our Brightpath family!,2026-06-11
REV-00747,Your feedback helps us continue improving. Thank you!,2025-09-30
REV-00748,Thank you for choosing quality dental care.,2026-04-13
REV-00749,We appreciate your business and your kind review!,2026-03-23
REV-00750,We appreciate your business and your kind review!,2026-08-22
REV-00752,Thank you for trusting us with your dental care.,2026-08-28
REV-00753,Your positive review brightens our day. Thanks!,2026-02-12
REV-00754,We appreciate your kind words and look forward to seeing you again.,2025-12-10
REV-00755,We're grateful for patients who appreciate excellence!,2026-05-08
REV-00756,Your positive review brightens our day. Thanks!,2025-12-06
REV-00757,We're honored to be your dental home. Thanks for the review!,2025-11-24
REV-00758,We're honored to be your dental home. Thanks for the review!,2026-06-08
REV-00759,Thanks for choosing our practice. Your satisfaction is our priority!,2025-12-07
REV-00760,We look forward to continuing to care for your smile!,2025-10-05
REV-00761,We appreciate your trust and confidence in our team.,2026-06-13
REV-00762,Your feedback means so much to us. Thanks for trusting us with your care!,2025-10-30
REV-00763,Thank you for being part of our Brightpath family!,2025-12-14
REV-00764,We're committed to providing excellent care. Thanks for noticing!,2026-07-29
REV-00765,Appreciate your feedback and loyalty!,2026-01-12
REV-00766,Thank you for being a valued member of our practice.,2026-08-05
REV-00767,So pleased we could serve you well. See you soon!,2026-03-06
REV-00768,We appreciate your business and your kind review!,2026-05-31
REV-00769,Thank you for the wonderful feedback. We're committed to excellent care!,2026-05-27
REV-00770,Your kind words motivate our entire team. Thank you for being a valued patient!,2026-05-30
REV-00771,Your kind words motivate our entire team. Thank you for being a valued patient!,2025-10-27
REV-00772,Thank you! We strive to provide the best dental care in the community.,2025-12-05
REV-00773,We appreciate your trust and confidence in our team.,2026-03-02
REV-00774,Thanks for choosing our practice. Your satisfaction is our priority!,2026-07-24
REV-00775,We're honored to be your dental home. Thanks for the review!,2026-06-12
REV-00776,We're committed to providing excellent care. Thanks for noticing!,2025-09-03
REV-00777,We love hearing from happy patients! Thanks for your review.,2025-09-05
REV-00778,Thank you for being part of our Brightpath family!,2026-08-21
REV-00779,We're grateful for patients who appreciate excellence!,2026-03-03
REV-00780,So pleased we could serve you well. See you soon!,2026-02-03
REV-00781,Your positive review brightens our day. Thanks!,2026-05-07
REV-00782,We appreciate your business and your kind review!,2025-10-13
REV-00783,Your feedback helps us continue improving. Thank you!,2025-12-27
REV-00784,Thank you for being part of our Brightpath family!,2026-05-28
REV-00785,Thank you for choosing quality dental care.,2025-11-19
REV-00786,Thank you for choosing us! We're glad you had a great experience.,2026-04-12
REV-00787,We're so glad we could help. Looking forward to your next visit!,2026-05-04
REV-00788,We're grateful for patients who appreciate excellence!,2025-10-17
REV-00789,We're thrilled you had a positive experience. Your smile is important to us!,2025-12-12
REV-00790,Thank you for choosing us! We're glad you had a great experience.,2025-10-09
REV-00791,We're thrilled you had a positive experience. Your smile is important to us!,2026-04-01
REV-00792,We're grateful for patients who appreciate excellence!,2026-08-05
REV-00793,Thanks for choosing our practice. Your satisfaction is our priority!,2026-04-17
REV-00794,Appreciate your feedback and loyalty!,2026-03-14
REV-00795,Thank you! We strive to provide the best dental care in the community.,2025-11-17
REV-00796,Thank you for being part of our Brightpath family!,2025-10-29
REV-00797,We appreciate your trust and confidence in our team.,2026-06-04
REV-00798,We're grateful for patients who appreciate excellence!,2026-09-12
REV-00799,We're grateful for patients who appreciate excellence!,2026-08-08
REV-00800,We appreciate your trust and confidence in our team.,2026-08-25
REV-00801,Thrilled to hear about your great experience!,2025-10-07
REV-00802,We appreciate your trust and confidence in our team.,2026-07-31
REV-00803,We're grateful for patients who appreciate excellence!,2026-07-06
REV-00804,Your feedback means so much to us. Thanks for trusting us with your care!,2026-06-18
REV-00805,Thank you for being part of our Brightpath family!,2026-02-05
REV-00806,We're committed to providing excellent care. Thanks for noticing!,2026-03-03
REV-00807,We love hearing from happy patients! Thanks for your review.,2025-10-04
REV-00808,Thank you for being part of our Brightpath family!,2025-11-20
REV-00809,Your kind words motivate our entire team. Thank you for being a valued patient!,2026-08-15
REV-00810,We appreciate your kind words and look forward to seeing you again.,2026-04-09
REV-00811,Thank you for being part of our Brightpath family!,2026-08-04
REV-00812,Thank you for the wonderful feedback. We're committed to excellent care!,2026-05-29
REV-00813,Thrilled to hear about your great experience!,2025-11-22
REV-00814,We appreciate your kind words and look forward to seeing you again.,2026-09-09
REV-00815,Thank you for choosing quality dental care.,2026-07-27
REV-00817,We're so glad we could help. Looking forward to your next visit!,2026-08-22
REV-00818,We appreciate your business and your kind review!,2026-09-03
REV-00819,Thanks for sharing your feedback. We can't wait to see you at your next appointment.,2025-11-12
REV-00820,Thank you for trusting us with your dental care.,2025-09-10
REV-00821,Thank you for the wonderful feedback. We're committed to excellent care!,2025-12-15
REV-00822,Your positive review brightens our day. Thanks!,2026-04-09
REV-00823,So pleased we could serve you well. See you soon!,2026-07-12
REV-00824,We appreciate you taking the time to review us. Thank you for your trust!,2026-04-23
REV-00825,Thrilled to hear about your great experience!,2026-03-25
REV-00826,Thank you for choosing quality dental care.,2026-07-23
REV-00827,Appreciate your feedback and loyalty!,2026-02-06
REV-00828,Thank you for trusting us with your dental care.,2026-07-12
REV-00829,Thanks for choosing our practice. Your satisfaction is our priority!,2025-10-18
REV-00830,Your feedback helps us continue improving. Thank you!,2026-06-10
REV-00831,We're thrilled you had a positive experience. Your smile is important to us!,2026-04-24
REV-00832,We're grateful for patients who appreciate excellence!,2026-08-23
REV-00833,We're grateful for patients who appreciate excellence!,2026-08-31
REV-00834,Thank you for choosing quality dental care.,2026-05-22
REV-00835,Your feedback means so much to us. Thanks for trusting us with your care!,2025-09-25
REV-00836,We appreciate your trust and confidence in our team.,2026-09-02
REV-00837,Thank you for being a valued member of our practice.,2025-12-04
REV-00838,We appreciate your trust and confidence in our team.,2026-01-09
REV-00839,We're honored to be your dental home. Thanks for the review!,2026-05-12
REV-00840,We're committed to providing excellent care. Thanks for noticing!,2026-07-07
REV-00841,Thrilled to hear about your great experience!,2026-07-22
REV-00842,We appreciate your business and your kind review!,2025-10-02
REV-00843,Your feedback helps us continue improving. Thank you!,2026-06-24
REV-00844,Thank you for being a valued member of our practice.,2026-04-05
REV-00845,We look forward to continuing to care for your smile!,2026-08-06
REV-00846,We appreciate your kind words and look forward to seeing you again.,2025-09-22
REV-00847,Thank you for choosing us! We're glad you had a great experience.,2026-04-10
REV-00848,So grateful for patients like you. See you at your next appointment!,2025-11-05
REV-00849,So pleased we could serve you well. See you soon!,2025-12-18
REV-00850,We're thrilled you had a positive experience. Your smile is important to us!,2026-07-22
REV-00851,We appreciate your trust and confidence in our team.,2026-08-29
REV-00852,We appreciate you taking the time to review us. Thank you for your trust!,2026-03-02
REV-00853,Thanks for your kind review and your loyalty.,2026-05-12
REV-00854,We appreciate your trust and confidence in our team.,2025-11-03
REV-00855,Your feedback means so much to us. Thanks for trusting us with your care!,2026-02-20
REV-00856,We appreciate you taking the time to review us. Thank you for your trust!,2026-01-12
REV-00857,Your feedback helps us continue improving. Thank you!,2025-09-05
REV-00858,So grateful for patients like you. See you at your next appointment!,2025-09-18
REV-00859,We're committed to providing excellent care. Thanks for noticing!,2026-05-05
REV-00860,So pleased we could serve you well. See you soon!,2025-11-22
REV-00870,Thank you! We strive to provide the best dental care in the community.,2026-08-21
REV-00876,Thank you! We strive to provide the best dental care in the community.,2025-12-25
REV-00877,So pleased we could serve you well. See you soon!,2026-01-13
REV-00878,Your review means the world to us. Thank you!,2025-11-16
REV-00879,We look forward to continuing to care for your smile!,2026-04-17
REV-00883,We're so glad we could help. Looking forward to your next visit!,2026-07-22
REV-00887,We're so glad we could help. Looking forward to your next visit!,2026-09-10
REV-00892,We're so glad we could help. Looking forward to your next visit!,2025-10-27
REV-00894,Thank you for the wonderful feedback. We're committed to excellent care!,2025-10-09
REV-00896,Appreciate your feedback and loyalty!,2026-08-23
REV-00897,Thanks for your kind review and your loyalty.,2026-03-03
REV-00900,Thank you for choosing us! We're glad you had a great experience.,2026-04-01
REV-00902,Your feedback means so much to us. Thanks for trusting us with your care!,2026-03-14
REV-00904,Thrilled to hear about your great experience!,2025-11-18
REV-00906,We're honored to be your dental home. Thanks for the review!,2026-04-13
REV-00907,We appreciate you taking the time to review us. Thank you for your trust!,2026-06-18
REV-00912,We're grateful for patients who appreciate excellence!,2026-05-07
REV-00913,We appreciate you taking the time to review us. Thank you for your trust!,2025-12-05
REV-00915,We appreciate your kind words and look forward to seeing you again.,2026-02-01
REV-00921,Thank you for the wonderful feedback. We're committed to excellent care!,2025-12-26
REV-00922,We appreciate your kind words and look forward to seeing you again.,2025-12-03
REV-00923,We look forward to continuing to care for your smile!,2026-03-21
REV-00926,Your feedback motivates us to keep raising the bar.,2026-01-24
REV-00927,We're honored to be your dental home. Thanks for the review!,2026-01-09
REV-00931,Your positive review brightens our day. Thanks!,2026-07-26
REV-00933,Thank you for being a valued member of our practice.,2026-01-19
REV-00940,We appreciate you taking the time to review us. Thank you for your trust!,2026-08-04
REV-00941,Thank you for trusting us with your dental care.,2026-09-05
REV-00942,Your feedback means so much to us. Thanks for trusting us with your care!,2026-04-22
REV-00943,Appreciate your feedback and loyalty!,2026-08-29
REV-00944,We're grateful for patients who appreciate excellence!,2026-08-25
REV-00955,We love hearing from happy patients! Thanks for your review.,2025-12-05
REV-00956,Thank you! We strive to provide the best dental care in the community.,2026-07-08
REV-00958,Thank you! We strive to provide the best dental care in the community.,2025-09-26
REV-00959,Your feedback motivates us to keep raising the bar.,2026-08-26
REV-00961,We're thrilled you had a positive experience. Your smile is important to us!,2025-09-06
REV-00962,We're honored to be your dental home. Thanks for the review!,2025-11-09
REV-00964,We appreciate your kind words and look forward to seeing you again.,2026-02-05
REV-00966,We appreciate your trust and confidence in our team.,2026-01-24
REV-00967,We appreciate your kind words and look forward to seeing you again.,2025-12-03
REV-00968,Your positive review brightens our day. Thanks!,2026-04-17
REV-00969,We're so glad we could help. Looking forward to your next visit!,2025-11-22
REV-00973,Thanks for your kind review and your loyalty.,2026-03-22
REV-00975,We're honored to be your dental home. Thanks for the review!,2026-04-08
REV-00976,We're grateful for patients who appreciate excellence!,2025-11-29
REV-00977,So grateful for patients like you. See you at your next appointment!,2026-07-02
REV-00978,Thanks for sharing your feedback. We can't wait to see you at your next appointment.,2026-02-17
REV-00979,Thanks for sharing your feedback. We can't wait to see you at your next appointment.,2025-09-25
REV-00980,We appreciate your kind words and look forward to seeing you again.,2026-08-25
REV-00982,Thank you for trusting us with your dental care.,2025-09-15
REV-00983,Your feedback helps us continue improving. Thank you!,2026-04-27
REV-00984,Thank you! We strive to provide the best dental care in the community.,2026-04-30
REV-00985,We appreciate your trust and confidence in our team.,2026-06-03
REV-00988,Thank you for choosing quality dental care.,2026-06-20
REV-00989,We're thrilled you had a positive experience. Your smile is important to us!,2025-11-01
REV-00990,Thank you for being a valued member of our practice.,2026-08-18
REV-00993,Thank you for trusting us with your dental care.,2025-10-16
REV-00994,We're grateful for patients who appreciate excellence!,2025-11-28
REV-00998,Thank you for choosing us! We're glad you had a great experience.,2026-06-13
REV-00999,We're thrilled you had a positive experience. Your smile is important to us!,2026-05-09
REV-01000,Thank you for the wonderful feedback. We're committed to excellent care!,2026-07-16
REV-01002,Appreciate your feedback and loyalty!,2026-04-16
REV-01003,We appreciate your kind words and look forward to seeing you again.,2026-02-12
REV-01005,Thanks for choosing our practice. Your satisfaction is our priority!,2026-02-13
REV-01008,We're grateful for patients who appreciate excellence!,2025-09-15
REV-01009,We look forward to continuing to care for your smile!,2026-07-13
REV-01011,Thanks for choosing our practice. Your satisfaction is our priority!,2026-07-10
REV-01013,Appreciate your feedback and loyalty!,2025-12-24
REV-01014,Your feedback means so much to us. Thanks for trusting us with your care!,2026-04-04
REV-01015,We appreciate your trust and confidence in our team.,2025-10-06
REV-01016,We're so glad we could help. Looking forward to your next visit!,2025-12-02
REV-01017,Thank you for being a valued member of our practice.,2026-05-13
REV-01018,We appreciate your business and your kind review!,2025-09-19
REV-01019,Your positive review brightens our day. Thanks!,2026-05-06
REV-01020,So pleased we could serve you well. See you soon!,2026-01-10
REV-01022,Thank you for being a valued member of our practice.,2026-01-13
REV-01023,Your feedback means so much to us. Thanks for trusting us with your care!,2026-03-05
REV-01026,Your feedback motivates us to keep raising the bar.,2026-02-07
REV-01027,Thank you for choosing quality dental care.,2025-11-12
REV-01029,Your feedback helps us continue improving. Thank you!,2026-08-25
REV-01031,Thrilled to hear about your great experience!,2026-07-09
REV-01032,So grateful for patients like you. See you at your next appointment!,2026-08-28
REV-01033,Your review means the world to us. Thank you!,2026-04-11
REV-01034,We look forward to continuing to care for your smile!,2025-12-14
REV-01035,Your feedback means so much to us. Thanks for trusting us with your care!,2025-10-10
REV-01043,Your review means the world to us. Thank you!,2026-09-10
REV-01046,We're committed to providing excellent care. Thanks for noticing!,2025-10-29
REV-01047,Your feedback motivates us to keep raising the bar.,2025-10-25
REV-01048,Thrilled to hear about your great experience!,2025-12-17
REV-01051,Thank you for choosing quality dental care.,2026-05-19
REV-01054,We're grateful for patients who appreciate excellence!,2026-05-14
REV-01056,Thanks for choosing our practice. Your satisfaction is our priority!,2026-04-24
REV-01057,Thank you for being part of our Brightpath family!,2026-02-05
REV-01058,We're grateful for patients who appreciate excellence!,2026-03-21
REV-01059,We're honored to be your dental home. Thanks for the review!,2026-06-24
REV-01061,We're committed to providing excellent care. Thanks for noticing!,2026-03-09
REV-01062,So grateful for patients like you. See you at your next appointment!,2026-03-04
REV-01063,We're so glad we could help. Looking forward to your next visit!,2025-10-18
REV-01071,We appreciate your trust and confidence in our team.,2026-02-07
REV-01075,Your positive review brightens our day. Thanks!,2025-11-17
REV-01077,Your feedback motivates us to keep raising the bar.,2026-03-30
REV-01079,We appreciate your kind words and look forward to seeing you again.,2025-09-17
REV-01080,We appreciate your business and your kind review!,2026-05-09
REV-01081,We're so glad we could help. Looking forward to your next visit!,2026-04-03
REV-01083,We appreciate your trust and confidence in our team.,2026-07-11
REV-01084,Thank you for choosing quality dental care.,2025-12-25
REV-01087,We're honored to be your dental home. Thanks for the review!,2026-05-06
REV-01088,Your feedback helps us continue improving. Thank you!,2025-10-03
REV-01091,We're thrilled you had a positive experience. Your smile is important to us!,2025-12-23
REV-01093,We appreciate your kind words and look forward to seeing you again.,2026-09-08
REV-01094,Your review means the world to us. Thank you!,2026-03-03
REV-01095,We're committed to providing excellent care. Thanks for noticing!,2026-07-29
REV-01098,Appreciate your feedback and loyalty!,2025-12-02
REV-01099,We love hearing from happy patients! Thanks for your review.,2026-03-17
REV-01100,Thank you for being part of our Brightpath family!,2026-07-13
REV-01102,Thanks for sharing your feedback. We can't wait to see you at your next appointment.,2025-11-02
REV-01104,We're committed to providing excellent care. Thanks for noticing!,2025-12-26
REV-01108,We love hearing from happy patients! Thanks for your review.,2026-02-23
REV-01109,Thank you for the wonderful feedback. We're committed to excellent care!,2025-09-28
REV-01113,Thank you for the wonderful feedback. We're committed to excellent care!,2026-01-18
REV-01114,Thanks for sharing your feedback. We can't wait to see you at your next appointment.,2025-11-22
REV-01115,We appreciate your business and your kind review!,2026-05-06
REV-01116,We're so glad we could help. Looking forward to your next visit!,2026-04-19
REV-01118,We're so glad we could help. Looking forward to your next visit!,2026-08-11
REV-01120,Thanks for choosing our practice. Your satisfaction is our priority!,2026-03-27
REV-01122,We love hearing from happy patients! Thanks for your review.,2026-04-27
REV-01125,So grateful for patients like you. See you at your next appointment!,2026-08-05
REV-01126,We appreciate you taking the time to review us. Thank you for your trust!,2026-02-13
REV-01128,We appreciate you taking the time to review us. Thank you for your trust!,2026-04-10
REV-01129,Appreciate your feedback and loyalty!,2026-05-28
REV-01132,We're so glad we could help. Looking forward to your next visit!,2025-09-29
REV-01133,We appreciate your kind words and look forward to seeing you again.,2026-05-01
REV-01137,Thank you for being part of our Brightpath family!,2026-08-17
REV-01138,So grateful for patients like you. See you at your next appointment!,2026-05-01
REV-01141,We're committed to providing excellent care. Thanks for noticing!,2026-01-05
REV-01142,Thanks for sharing your feedback. We can't wait to see you at your next appointment.,2026-05-04
REV-01143,We appreciate your business and your kind review!,2026-05-12
REV-01145,Thank you for the wonderful feedback. We're committed to excellent care!,2026-06-16
REV-01146,Thanks for sharing your feedback. We can't wait to see you at your next appointment.,2026-09-14
REV-01148,We love hearing from happy patients! Thanks for your review.,2026-04-25
REV-01152,We're so glad we could help. Looking forward to your next visit!,2025-10-26
REV-01156,We're grateful for patients who appreciate excellence!,2026-05-25
REV-01161,Thanks for your kind review and your loyalty.,2025-09-09
REV-01164,We're grateful for patients who appreciate excellence!,2026-08-20
REV-01165,Thanks for your kind review and your loyalty.,2025-10-21
REV-01170,Thank you for being a valued member of our practice.,2026-09-12
REV-01173,Thank you for being a valued member of our practice.,2026-09-14
REV-01174,Thanks for sharing your feedback. We can't wait to see you at your next appointment.,2026-08-06
REV-01175,We appreciate you taking the time to review us. Thank you for your trust!,2026-01-03
REV-01177,Thanks for sharing your feedback. We can't wait to see you at your next appointment.,2026-02-18
REV-01178,Your feedback helps us continue improving. Thank you!,2026-04-10
REV-01179,We're thrilled you had a positive experience. Your smile is important to us!,2026-04-21
REV-01182,Thanks for sharing your feedback. We can't wait to see you at your next appointment.,2025-11-06
REV-01183,Appreciate your feedback and loyalty!,2025-11-06
REV-01191,We appreciate your business and your kind review!,2025-09-17
REV-01193,Thank you for choosing quality dental care.,2025-09-15
REV-01194,Your positive review brightens our day. Thanks!,2026-06-30
REV-01195,Thanks for choosing our practice. Your satisfaction is our priority!,2026-04-15
REV-01199,Thanks for sharing your feedback. We can't wait to see you at your next appointment.,2025-11-08
REV-01201,We're honored to be your dental home. Thanks for the review!,2026-04-02
REV-01207,We appreciate your kind words and look forward to seeing you again.,2026-02-02
REV-01208,Your feedback means so much to us. Thanks for trusting us with your care!,2026-09-05
REV-01212,So pleased we could serve you well. See you soon!,2026-08-23
REV-01214,Thanks for sharing your feedback. We can't wait to see you at your next appointment.,2026-03-12
REV-01215,We look forward to continuing to care for your smile!,2025-12-13
REV-01216,Thanks for choosing our practice. Your satisfaction is our priority!,2025-12-17
REV-01218,Thank you for being a valued member of our practice.,2026-05-23
REV-01220,Thank you for being part of our Brightpath family!,2025-11-06
REV-01223,Your feedback helps us continue improving. Thank you!,2025-09-24
REV-01226,Your positive review brightens our day. Thanks!,2026-08-24
REV-01234,Your feedback helps us continue improving. Thank you!,2026-07-04
REV-01238,Thanks for your kind review and your loyalty.,2026-04-10
REV-01241,We appreciate your trust and confidence in our team.,2026-07-15
REV-01245,We love hearing from happy patients! Thanks for your review.,2026-02-09
REV-01246,So pleased we could serve you well. See you soon!,2026-08-19
REV-01247,We appreciate your business and your kind review!,2026-04-09
REV-01248,Appreciate your feedback and loyalty!,2025-12-07
REV-01249,Thanks for choosing our practice. Your satisfaction is our priority!,2025-11-26
REV-01250,We appreciate your business and your kind review!,2026-07-29
REV-01251,Your positive review brightens our day. Thanks!,2026-01-02
REV-01252,Appreciate your feedback and loyalty!,2025-09-05
REV-01253,Thanks for sharing your feedback. We can't wait to see you at your next appointment.,2025-10-31
REV-01254,We're thrilled you had a positive experience. Your smile is important to us!,2025-12-12
REV-01255,Your feedback helps us continue improving. Thank you!,2025-12-03
REV-01257,Your review means the world to us. Thank you!,2026-03-18
REV-01258,Thank you for being part of our Brightpath family!,2026-04-27
REV-01259,We appreciate your business and your kind review!,2026-09-01
REV-01260,Your positive review brightens our day. Thanks!,2026-06-02
REV-01262,So grateful for patients like you. See you at your next appointment!,2025-11-17
REV-01263,We appreciate your business and your kind review!,2026-06-28
REV-01266,Thanks for sharing your feedback. We can't wait to see you at your next appointment.,2026-02-13
REV-01268,We look forward to continuing to care for your smile!,2026-04-21
REV-01272,Your positive review brightens our day. Thanks!,2026-05-16
REV-01273,Your review means the world to us. Thank you!,2026-01-16
REV-01275,We appreciate you taking the time to review us. Thank you for your trust!,2026-03-08
REV-01277,We're so glad we could help. Looking forward to your next visit!,2025-09-07
REV-01278,Your positive review brightens our day. Thanks!,2026-08-03
REV-01279,So pleased we could serve you well. See you soon!,2026-09-08
REV-01280,Your feedback helps us continue improving. Thank you!,2026-06-11
REV-01281,So pleased we could serve you well. See you soon!,2026-04-12
REV-01282,We love hearing from happy patients! Thanks for your review.,2025-09-19
REV-01283,Thank you! We strive to provide the best dental care in the community.,2026-08-07
REV-01284,Your review means the world to us. Thank you!,2026-03-27
REV-01285,Your positive review brightens our day. Thanks!,2025-09-18
REV-01286,We look forward to continuing to care for your smile!,2026-07-11
REV-01287,We're committed to providing excellent care. Thanks for noticing!,2026-06-05
REV-01288,So grateful for patients like you. See you at your next appointment!,2026-07-30
REV-01289,Thank you for choosing us! We're glad you had a great experience.,2026-06-16
REV-01290,Thanks for choosing our practice. Your satisfaction is our priority!,2026-03-20
REV-01292,We appreciate you taking the time to review us. Thank you for your trust!,2026-04-03
REV-01293,So pleased we could serve you well. See you soon!,2026-05-05
REV-01294,We appreciate your kind words and look forward to seeing you again.,2026-04-14
REV-01295,Thanks for your kind review and your loyalty.,2026-05-21
REV-01296,Appreciate your feedback and loyalty!,2026-04-21
REV-01298,Thanks for choosing our practice. Your satisfaction is our priority!,2026-03-02
REV-01299,We love hearing from happy patients! Thanks for your review.,2025-12-04
REV-01300,We're thrilled you had a positive experience. Your smile is important to us!,2026-08-25
REV-01301,Your positive review brightens our day. Thanks!,2026-07-21
REV-01302,Your feedback helps us continue improving. Thank you!,2026-06-15
REV-01304,Appreciate your feedback and loyalty!,2025-09-26
REV-01307,We're thrilled you had a positive experience. Your smile is important to us!,2026-04-30
REV-01308,Thank you! We strive to provide the best dental care in the community.,2025-11-23
REV-01309,Thank you! We strive to provide the best dental care in the community.,2025-11-05
REV-01310,Your feedback motivates us to keep raising the bar.,2025-09-08
REV-01311,Appreciate your feedback and loyalty!,2025-12-24
REV-01312,Your feedback helps us continue improving. Thank you!,2026-07-25
REV-01314,We're committed to providing excellent care. Thanks for noticing!,2025-12-16
REV-01315,We're honored to be your dental home. Thanks for the review!,2026-04-07
REV-01316,Your kind words motivate our entire team. Thank you for being a valued patient!,2026-08-13
REV-01318,Thank you for the wonderful feedback. We're committed to excellent care!,2026-07-21
REV-01320,So grateful for patients like you. See you at your next appointment!,2026-02-11
REV-01321,We look forward to continuing to care for your smile!,2026-08-08
REV-01322,We're committed to providing excellent care. Thanks for noticing!,2026-02-06
REV-01323,So grateful for patients like you. See you at your next appointment!,2026-01-08
REV-01324,Your feedback helps us continue improving. Thank you!,2026-08-26
REV-01325,Your positive review brightens our day. Thanks!,2025-10-06
REV-01326,Your positive review brightens our day. Thanks!,2026-01-03
REV-01327,Your positive review brightens our day. Thanks!,2025-11-04
REV-01328,Thanks for your kind review and your loyalty.,2026-03-15
REV-01329,Your kind words motivate our entire team. Thank you for being a valued patient!,2026-07-31
REV-01330,So pleased we could serve you well. See you soon!,2026-07-31
REV-01331,Thank you for choosing us! We're glad you had a great experience.,2026-01-29
REV-01334,We're honored to be your dental home. Thanks for the review!,2025-12-13
REV-01337,We appreciate your trust and confidence in our team.,2025-12-03
REV-01339,We appreciate your business and your kind review!,2025-11-27
REV-01340,Thank you for choosing quality dental care.,2026-05-06
REV-01341,We love hearing from happy patients! Thanks for your review.,2026-06-08
REV-01342,We love hearing from happy patients! Thanks for your review.,2026-04-26
REV-01346,Thank you for being a valued member of our practice.,2026-03-18
REV-01347,Your feedback motivates us to keep raising the bar.,2026-09-08
REV-01349,We appreciate your trust and confidence in our team.,2026-07-25
REV-01351,So pleased we could serve you well. See you soon!,2026-06-25
REV-01352,Thank you for trusting us with your dental care.,2025-10-23
REV-01354,Thanks for your kind review and your loyalty.,2026-08-08
REV-01355,Thank you! We strive to provide the best dental care in the community.,2026-06-26
REV-01356,We're committed to providing excellent care. Thanks for noticing!,2026-03-28
REV-01358,Thank you for trusting us with your dental care.,2025-12-04
REV-01360,We look forward to continuing to care for your smile!,2025-12-07
REV-01363,We're committed to providing excellent care. Thanks for noticing!,2025-09-21
REV-01364,Thank you for being a valued member of our practice.,2026-01-19
REV-01365,Your feedback motivates us to keep raising the bar.,2026-05-28
REV-01366,Thrilled to hear about your great experience!,2026-02-25
REV-01368,Your feedback helps us continue improving. Thank you!,2025-10-25
REV-01369,We're grateful for patients who appreciate excellence!,2026-06-01
REV-01370,We appreciate you taking the time to review us. Thank you for your trust!,2026-08-08
REV-01371,We're committed to providing excellent care. Thanks for noticing!,2025-09-12
REV-01372,Thank you for choosing quality dental care.,2026-01-02
REV-01373,Thrilled to hear about your great experience!,2026-08-06
REV-01374,Your review means the world to us. Thank you!,2025-12-12
REV-01375,Your review means the world to us. Thank you!,2025-10-19
REV-01376,Your positive review brightens our day. Thanks!,2026-05-08
REV-01377,We're thrilled you had a positive experience. Your smile is important to us!,2026-08-06
REV-01378,Your kind words motivate our entire team. Thank you for being a valued patient!,2026-02-16
REV-01380,Thank you for the wonderful feedback. We're committed to excellent care!,2026-09-10
REV-01382,Thank you for trusting us with your dental care.,2026-01-01
REV-01383,We're thrilled you had a positive experience. Your smile is important to us!,2025-10-19
REV-01385,Your positive review brightens our day. Thanks!,2026-06-04
REV-01386,We're so glad we could help. Looking forward to your next visit!,2026-08-23
REV-01388,Thank you for being part of our Brightpath family!,2025-11-21
REV-01389,Thank you for choosing us! We're glad you had a great experience.,2025-11-25
REV-01390,We appreciate your trust and confidence in our team.,2026-02-16
REV-01400,We're committed to providing excellent care. Thanks for noticing!,2025-12-05
REV-01401,Thank you for trusting us with your dental care.,2025-10-07
REV-01402,Thank you for choosing us! We're glad you had a great experience.,2026-04-04
REV-01404,Thank you for the wonderful feedback. We're committed to excellent care!,2026-08-17
REV-01405,We're so glad we could help. Looking forward to your next visit!,2026-04-23
REV-01408,Thanks for choosing our practice. Your satisfaction is our priority!,2026-09-02
REV-01412,Thank you for choosing quality dental care.,2026-02-18
REV-01413,Thanks for choosing our practice. Your satisfaction is our priority!,2025-10-22
REV-01415,Thanks for your kind review and your loyalty.,2025-09-30
REV-01416,We're so glad we could help. Looking forward to your next visit!,2026-06-29
REV-01422,We're honored to be your dental home. Thanks for the review!,2026-01-26
REV-01423,Thank you for being a valued member of our practice.,2026-04-11
REV-01427,Thanks for sharing your feedback. We can't wait to see you at your next appointment.,2026-03-22
REV-01428,We're so glad we could help. Looking forward to your next visit!,2026-06-07
REV-01430,We appreciate your trust and confidence in our team.,2025-10-02
REV-01432,We're honored to be your dental home. Thanks for the review!,2026-08-25
REV-01433,Your kind words motivate our entire team. Thank you for being a valued patient!,2026-06-25
REV-01434,Thank you for trusting us with your dental care.,2026-07-19
REV-01438,We appreciate you taking the time to review us. Thank you for your trust!,2025-10-06
REV-01442,We appreciate you taking the time to review us. Thank you for your trust!,2026-06-11
REV-01444,Thank you for being part of our Brightpath family!,2025-10-15
REV-01454,Your positive review brightens our day. Thanks!,2026-04-22
REV-01455,We appreciate your business and your kind review!,2026-04-18
REV-01459,Your kind words motivate our entire team. Thank you for being a valued patient!,2025-11-05
REV-01460,We're honored to be your dental home. Thanks for the review!,2025-09-17
REV-01461,Thank you! We strive to provide the best dental care in the community.,2026-04-17
REV-01465,Thank you for trusting us with your dental care.,2025-12-16
REV-01467,So pleased we could serve you well. See you soon!,2025-10-06
REV-01468,We appreciate your business and your kind review!,2026-05-13
REV-01471,Thrilled to hear about your great experience!,2026-05-06
REV-01472,We're honored to be your dental home. Thanks for the review!,2026-03-14
REV-01473,Thank you for trusting us with your dental care.,2026-08-26
REV-01474,We're grateful for patients who appreciate excellence!,2026-03-13
REV-01477,We appreciate you taking the time to review us. Thank you for your trust!,2026-07-21
REV-01502,Thanks for choosing our practice. Your satisfaction is our priority!,2025-10-27
REV-01503,We love hearing from happy patients! Thanks for your review.,2025-09-03
REV-01505,We appreciate you taking the time to review us. Thank you for your trust!,2025-10-30
REV-01506,Thank you for the wonderful feedback. We're committed to excellent care!,2026-03-05
REV-01508,Thank you for being a valued member of our practice.,2026-08-18
REV-01509,Thank you for being a valued member of our practice.,2026-05-16
REV-01510,Your feedback motivates us to keep raising the bar.,2026-08-06
REV-01511,Your kind words motivate our entire team. Thank you for being a valued patient!,2026-05-04
REV-01512,Thanks for your kind review and your loyalty.,2025-10-21
REV-01514,Thrilled to hear about your great experience!,2026-08-02
